id,language,gold_label,qwen_1_5b_claim_only_prediction,qwen_1_5b_gold_prediction,qwen_1_5b_bm25_prediction,qwen_1_5b_adversarial_prediction,qwen_14b_gold_prediction,qwen_14b_translated_prediction,qwen_1_5b_claim_only_correct,qwen_1_5b_gold_correct,qwen_1_5b_bm25_correct,qwen_1_5b_adversarial_correct,qwen_14b_gold_correct,qwen_14b_translated_correct,source_claim,source_gold_evidence,source_gold_label,source_language,num_systems_correct
afrifact_data_culture_igbo_384,igbo,supports,supports,supports,supports,refutes,supports,supports,True,True,True,False,True,True,"N'ịgbado ụkwụ n'oke ala nakwa ngwaahịa, Ahịa Main Market Ọnicha bụ otu n'ime ahịa kacha bu ibu n'ọdịda anyanwụ Afịrịka",Ahịa Ọnicha nke a makwaara dị ka Onitsha Main Market na bekee bụ otu n'ime ahịa kacha ibu na ọdịda anyanwụ Afrịka dabere na nha ala na oke ngwongwo ahịa a n'ere ebe ahụ.,supports,igbo,5
afrifact_data_culture_yoruba_723,yoruba,supports,nei,supports,supports,nei,supports,supports,False,True,True,False,True,True,"Abíọ́lá ní ìfẹ́ sí ìṣèlú látìgbà tí ó wà ní ọmọ ọdún mọ́kàndínlógún, ó sì bẹ̀rẹ̀ sí í kópa ní ẹgbẹ́ òṣèlú látàrí ìfẹ́ tí ó ní sí i.rẹ̀ sí i.","Abíọ́́lá jẹ́ Olóòtú ìwé ìròyìn ọ̀sọ̀ọ̀sẹ̀ ilé-ìwé wọn tí ó ń jẹ́ tí sì jẹ́ igbákejì rẹ. Ó dára pọ̀ mọ́ ẹgbẹ́ ní ìgbà tí ó di ọmọ ọdún mọ́kàndínlógún nítorí ìfẹ́ tí ó ní sí ètò òṣèlú àwa arawa ó darapọ́ mọ́ ẹgbẹ́ òṣèlú jẹ́ olùdásílẹ̀ rẹ̀ Ní ọdún 1960, Moshood jẹ àǹfàníi ẹ̀kọ́ ọ̀fẹ́ ti ijọba láti lọ ka ìwé ní University ti Glasgow ní ìlú Scotland ni ibi tí ó ti gba oyè nínú ìmọ̀ ìṣirò.",supports,yoruba,4
afrifact_data_culture_igbo_141,igbo,nei,nei,nei,supports,supports,nei,nei,True,True,False,False,True,True,Akwa mmiri ahụ adaala.,"Dịka ọ dị ugbua, amabeghi ihe ha kpatara na nzukọ a.",nei,igbo,4
afrifact_data_culture_igbo_301,igbo,refutes,refutes,refutes,supports,supports,nei,refutes,True,True,False,False,False,True,Naanị ikuku na ọhịa bụ ihe dị ka ọrụ ugbo mkpa iji wee ịga nke ọma,"Ọrụ ugbo chọrọ mmiri, aja di mma na ala di larịị.",refutes,igbo,3
afrifact_data_culture_hausa_827,hausa,supports,nei,supports,supports,nei,refutes,nei,False,True,True,False,False,False,Yan majalisar sun ce su wakilan jama'a ne don haka suna da ikon yin ƙarin ayyuka a cikin kasafin.,"Game da ayyukan da aka ce 'yan majalisar sun kara, ya ce su ma wakilai ne ""na jama'a kuma suna da damar sanya ayyukan da za su yi tasiri a rayuwar talaka,"" kamar yadda wata sanarwa da ya aike wa manema labarai ta ce.",supports,hausa,2
afrifact_data_culture_yoruba_592,yoruba,nei,refutes,nei,refutes,supports,refutes,nei,False,True,False,False,False,True,Gbogbo ìlú tí ó wà ní ìpínlẹ̀ Kwara ni ẹ̀yà náà tẹ̀dó sí.,"Àwọn méjì tí ó jẹ́ akíkanjú jùlọ ìyẹn Ajẹbú àti Olóde ni a pa orúkọ wọn pọ̀ tí ó wá di “AJẸ́BU-OLÓDE” èyí tí à ń pè ní ÌJẸ̀BÚ-ÒDE títí di òní olóni yìí. Èdè Ìjẹ̀bu ni àwọn ẹ̀yà yìí máa ń sọ. A sì le rí wọn káàkiri ilẹ̀ Nàìjíríà. Àpẹẹrẹ àwọn ìlú tí a lè rí ni ẹkùn Ìjẹ̀bú ni Ìjẹ̀bú-Òde, Musin, Ata-Ìjẹ̀bú, Imọ̀pè, Òdo-Pótu, Àgọ́-Ìwòyè, Ìjẹ̀bú-Igbó, Orù, Awà, Ìlápòrú, Ìṣònyìn, Ìpàrí-Ńlá, Òdokálàbà, Ìdọwá, Merígò, Òdoogbolú, Ọ̀ṣọṣà àti bẹ́ẹ̀ bẹ́ẹ̀ lọ.",nei,yoruba,2
afrifact_data_culture_hausa_515,hausa,supports,nei,supports,supports,nei,supports,supports,False,True,True,False,True,True,Sunna na nufin abinda Annabi (S.A.W) ya yi ko aka yi a gabansa bai hana ba.,"Asalin sunan ya zo ne daga kalmar Sunna , wato koyi da yin dukkan abun da Annabi (S.A.W.) ya aikata, ko ya yi umarni, da a aikata ko kuma aka aikata shi a gabansa amma baiyi hani akan abun da aka aikatan ba.",supports,hausa,4
afrifact_data_culture_yoruba_186,yoruba,supports,refutes,supports,supports,nei,supports,nei,False,True,True,False,True,False,Àwọn ọmọ ẹgbẹ́ PDP fẹ̀hónúhàn nílé ẹjọ́ gíga jùlọ lórí owó ìṣúná ẹ̀ka ìdájọ́.,"Àwọn ọmọ ẹgbẹ́ PDP fẹ̀hónúhàn nílé ẹjọ́ gíga jùlọ Iru ofin wo ni wọn fi n ṣe eto owo iṣuna ẹka idajọ tẹlẹ? Ṣaaju ki Aarẹ Buhari to o pa aṣẹ naa, awọn gomina ipinlẹ lo ma n sọ iye owo ti wọn yoo fun awọn ẹka ijọba yooku, to fi mọ yiyọnda owo naa fun wọn. O ma n farahan ninu aba owo isuna ti wọn n gbe lọ siwaju awọn aṣofin ipinlẹ.",supports,yoruba,3
afrifact_data_culture_yoruba_321,yoruba,supports,refutes,supports,refutes,nei,supports,supports,False,True,False,False,True,True,"Àwọn arákùnrin kan figbe ta nígbà tí wọ́n gbọ́ pé ọmọ Buhari fẹ́ ṣe ìgbeyawò, kódà ọ̀kan lára wọn ní òun máa ṣekú pa ara òun bí òun kò bá ní oore-ọ̀rẹ́ láti fẹ́ arábìnrin náà.","Amọ oniruuru awọn ọkunrin lo ti jade sita lati kede ifẹ ti wọn ni si Hanan, ni kete ti wọn gbọ pe o fẹ se igbeyawo,to si wu wọn lati fi se aya wọn. Koda, ọkan lara wọn ni Abba Ahmed, ẹni to kede pe oun setan lati pa ara oun ti ọmọ aarẹ ba fi se igbeyawo lẹyin oun. Ọpẹlọpẹ ileesẹ ọlọpaa to parọwa si ọkunrin naa, ti ko fi se bo se wi. Nibayii, Abdullahi Bashir, ẹni ọdun mejilelogun to tun ti yọju sita lori itakun agbaye, to si ni aise alabapade ọmọ aarẹ nilu Abuja lati fẹ, da irẹwẹsi si oun lara. Amọ Bashir, tii se ẹlomiran to tun sẹsẹ kede ifẹ rẹ si Hanan loju opo itakun agbaye, ni to ba jẹ pe ọmọ aarẹ fẹ oun ni, maalu aadọjọ ni oun ko ba fi san owo ori rẹ. Sugbọn ọkunrin naa, ni kete to gbọ pe oloruka ti gba oruka, ti Hanan si ti lọ sile ọkọ rẹ, lo ba gba fun Ọlọrun. Bashir, tii se darandaran nipinlẹ Adamawa lo kede pe oun ti yofẹ pẹlu ọmọ aarẹ ati awọn aworan fọto to n ya. O ni to ba see se ni, obinrin naa lo wu oun lati fi se aya. Iléeṣẹ́ Ọlọ́pàá dènà ọkùnrin tó fẹ́ pa ara rẹ̀ nítorí ọmọbìnrin Buhari Saaju la ti kọkọ mu iroyin wa fun yin pe ileeṣẹ ọlọpaa ni ipinlẹ Kano ni oun ti pẹtu sinu arakunrin kan, Abba Ahmed, to ni oun yoo pa ara oun ti ọmọ aarẹ Buhari, Hanan ko ba fẹ oun. Ahmed ti fi lede bayii pe oun ti jawọ ninu ero bẹẹ, nitori o ti han gbangba pe iru ero bẹẹ ko dara rara, ati wi pe ko fihan pe oun fẹran Hanan.",supports,yoruba,3
afrifact_data_culture_igbo_002,igbo,supports,supports,supports,supports,nei,supports,supports,True,True,True,False,True,True,Ndị edemede America na Dreux Richard bi na Okwe iji mezue ederede ya mgbe ọ nọ Naijiria.,Onye edemede America na onye edemede Dreux Richard bi na Okwe iji mezue ederede ya mgbe ọ nọ na Naijiria.,supports,igbo,5
afrifact_data_culture_yoruba_774,yoruba,supports,nei,supports,supports,nei,supports,supports,False,True,True,False,True,True,Lára àwọn òrìṣà tí Olódùmarè rán wá láti ìkọ̀lé ọ̀run sí ayé ni Èṣù. Ó sì wà láàárín àwọn ibọ ìran Yorùbá.,"Èṣù jẹ́ ọ̀kan lára àwọn tí àwọn ìran Yorùbá ń bọ. Ó wà lára àwọn òrìṣà tí Olódùmarè rán láti ìkọ̀lé ọ̀run wá sí ayé. Èṣù ni a lè pè ní olópàá tàbí agbófiró àwọn òrìṣà yòókù tí Olódùmarè rán. Ìdí nipé òun ní o máa rí i dájú pé wọ́n tèlé òfin. Bí ó tilẹ̀ jẹ́ pé orúkọ Eṣù tí yàtọ̀ láti orílè-èdè kan sí òmíràn, ọ̀nà tí wọ́n ń gbà sìn í kò yàtọ̀.",supports,yoruba,4
afrifact_data_culture_yoruba_731,yoruba,supports,supports,supports,supports,nei,supports,nei,True,True,True,False,True,False,"Ernest wà ní ipò láti ọjọ́ mẹ́rindínlọ́gbọ̀n, oṣù kẹjọ, ọdún 1993 títí dé ọjọ́ kẹ́tadínlógún, oṣù kọkànlá ọdún 1993 tí ó fi fẹ̀yìn tì.","Ernest Adégúnlé Oládéìǹdé Shónèkàn, ( ọjọ́ kẹẹ̀sán, oṣù Ebi ọdún1936 ní , orílẹ̀-èdè ) jẹ́ agbejọ́rò ará ilẹ̀ Nàìjíríà. Shónékà jẹ́ fún ìgbà díẹ̀ láti ọjọ mẹ́rìndínlọ́gbọ̀n, oṣù kẹ́jọ, ọdún 1993 títí dé ọjọ́ kẹtàdínlógún, oṣù kọkànlá, ọdún 1993 tí ọ̀gágun fipa gbà joba lọ́wọ́ rẹ̀.",supports,yoruba,4
afrifact_data_culture_hausa_266,hausa,nei,nei,nei,nei,supports,nei,nei,True,True,True,False,True,True,Jerin sunanyen wannan shekar ya fito daga ofishin shugaban makaranta.,"Ana haɗa shi da ko miyar taushe ko miyar wajen ci. . Wato tuwon shinkafa yana ɗaya daga cikin abincin gargajiya, saboda shi ma akan haɗa shi da garin masara wani sa’in. Amma mafi akasari wasu ba sa sa wa, sannan sunan tuwon shinkafa ya samo asali ne daga shinkafar da ake yinsa da ita.",nei,hausa,5
afrifact_data_culture_hausa_339,hausa,nei,nei,nei,supports,refutes,nei,nei,True,True,False,False,True,True,Najeriya ta buga wasan farko a gasar cin Kofin Afirka a shekarar 1963,"Baturen Ingila ne ya fara gabatar da kwallon kafa a Najeriya a farkon karni na ashirin.Wasan kwallon kafa na farko da aka yi rikodin a Nijeriya shi ne a shekara ta Alif 1904. Zuwa shekarar ta 1950, kwallon kafa ta zama wasan kasa na kasar. A wannan lokacin a tarihin Afirka, ƙasashe da yawa sun fara shiga cikin ƙungiyoyin kishin ƙasa inda suka nuna rashin amincewa da ikon mulkin mallaka.A Najeriya, kwallon kafa ta bai wa 'yan kasa abin alfahari na kasa tare da zaburar da su don samun' yancin siyasa.",nei,hausa,4
afrifact_data_culture_igbo_552,igbo,supports,supports,supports,supports,nei,nei,supports,True,True,True,False,False,True,Davido kwuru na enyi ya nwaanyị bụ Chioma nwere ọrịa coronavirus. Davido matara ọrịa enyi ya nwaanyị mgbe ha si London lọta.,Davido kọwara na ọ bu dịka o si njem Lọndọn lọta were mee nyocha ka ha chọpụtara na Chioma bụ coronavirus. Nwa ha nwoke ebughị ya bụ ọrịa. O kwuru na-ahu siri Chioma ike dịka o dopụrụ onwe ya ma na anata ọgwụgwọ.,supports,igbo,4
afrifact_data_culture_igbo_624,igbo,supports,nei,supports,supports,nei,supports,nei,False,True,True,False,True,False,Mmadụ iri asaa na asatọ nọ n'ime ụgbọelu Sibera Airlines si obodo Tel Aviv aga obodo Novobirsk Rọshịa nwụrụ ka ugbọelu ha dabara n'oshimiri ojii. Ndị agha Ukren gọrọ na aka ha adịghị ya mechaa kweta na aka ha dị na ya.,"Otu ụgbọelu Siberia Airlines plane si obodo Tel Aviv dị na Esrel aga obodo Novosibirsk, dị na Rọshia oge agbaturu ya. Ụgbọelu a dabara n'ime oshimiri ojii. Mmadụ 78 nọ n'ime ya nwụrụ. Ndị agha Ukren kwuburu na aka ha adịghị ya mana ha mechara kwenyere na ọ bụ ha. Ha sị na ọ bụ ka a na-akuziri ndị agha ka ihe mere.",supports,igbo,3
afrifact_data_culture_igbo_072,igbo,supports,nei,supports,supports,nei,supports,supports,False,True,True,False,True,True,"Na March 17, 1936, n'obodo Igbo dị na Atani ka a mụrụ Osadebe.","A mụrụ Osadebe na March 17, 1936, n'obodo Igbo dị na Atani na ndịda ọwụwa anyanwụ Naijiria.",supports,igbo,4
afrifact_data_culture_igbo_470,igbo,supports,nei,supports,supports,nei,supports,supports,False,True,True,False,True,True,"Irighiri ihe ndị e ji esi ofe egusi gụnyere mmanụ, ose, yabasị, akwụkwọ nri, crayfish, anụ, azụ, bitterleaf, pumpkin leaf na spinach.","E wezụga mkpụrụ, mmiri, na mmanụ, ofe egusi na-enwekarị akwụkwọ nri, , akwụkwọ nri ndị ọzọ, ihe na-esi ísì ụtọ, na anụ. Akwụkwọ nri ndị a na-ejikarị eme ofe egusi gụnyere bitterleaf, pumpkin leaf, celosia na spinach. Nri ndị ọzọ na-agụnye tomato na okra. Ihe ndị a na-ahụkarị na-agụnye ose chili, yabasị, na agwa igurube. A na-ejikarị anụ ehi, ewu, azụ, shrimp, ma ọ bụ crayfish.",supports,igbo,4
afrifact_data_culture_igbo_325,igbo,refutes,refutes,refutes,refutes,nei,nei,nei,True,True,True,False,False,False,Chinwoke Mbadinuju zọrọ ọkwa onye isi ala ka afọ anọ gachara Naịjirịa laghachiri n'ọchịchị onye kwuo uche ya n'afọ 2003.,"Gọvanọ nke Anambra Steeti [ | ] Anambra na Mgbe ọ laghachiri na ọchịchị onye kwuo uche ya na 1998, Chinwoke Mbadinuju ghọrọ onye na-azọ ọkwa gọvanọ nke People's Democratic Party (PDP) maka ọchịchị Anambra State",refutes,igbo,3
afrifact_data_culture_hausa_757,hausa,refutes,nei,refutes,refutes,nei,nei,nei,False,True,True,False,False,False,Chinenye Okafor ta bar wasan ƙwallon kafa ne saboda ra'ayin kanta.,"Chinenye Okafor ta koma mai kitso da gyaran gashi saboda rashin albashi Wannan ne halin da Chinenye Okafor ta tsinci kanta a ciki, amma ba haka abin yake ba kwata-kwata.",refutes,hausa,2
afrifact_data_culture_hausa_234,hausa,supports,nei,supports,supports,nei,supports,supports,False,True,True,False,True,True,Sarauniyar yankin za ta ba da rabin garin ga duk wanda ya kashe macijin.,"Washegari, mutanen Daura suka taru a bakin rijiyar, suna mamakin wanda ya kashe macijin; Magajiya , sarauniyar yankin ta ba da ikon mallakar rabin garin ga duk wanda zai tabbatar da cewa ya kashe macijin. Maza da yawa sun kawo kawunan maciji a gaba, amma kawunan bai dace da jikin ba.",supports,hausa,4
afrifact_data_culture_igbo_136,igbo,nei,nei,nei,supports,supports,nei,nei,True,True,False,False,True,True,Naanị ụmụnwaanyị ka a na-ebi ùgwù.,O kwusikwara ike na gọọm̀enti ya kwadosiri azụmahịa na mekọrịta nke mba ECOWAS.,nei,igbo,4
afrifact_data_culture_hausa_553,hausa,refutes,nei,refutes,supports,nei,nei,refutes,False,True,False,False,False,True,Bara wata sana'a ce da ta keɓanta ga ƙananan yara kawai.,Mabarata ba su karkashin wata makaranta kuma zasu iya zama yara ko manya ko tsofaffi.,refutes,hausa,2
afrifact_data_culture_igbo_283,igbo,refutes,refutes,refutes,supports,nei,refutes,refutes,True,True,False,False,True,True,Sam Mbakwe si Imo Steeti gaa wube mahadum nke Anambara n'afọ 1981,"N'afọ 1981, Sam Mbakwe hiwere mahadum Imo steeti. Ụlọ akwụkwọ ahụ dị na mpaghara e nyere n'afọ 1991 ma meekwa ya baptizim ọzọ nke Abia State University . Agbanyeghị, Mahadum Imo steeti nwetara ụlọ akwụkwọ ọhụrụ na ma ka dị.",refutes,igbo,4
afrifact_data_culture_hausa_732,hausa,supports,refutes,supports,supports,nei,supports,nei,False,True,True,False,True,False,Hukumar zaɓe zata raba manyan rumfunan zaɓe gida biyu saboda samun saukin gudanar jefa kuri'u.,"Sai dai tanadin Hukumar zabe shi ne a duk lokacin da ta ga rumfar ta yi girman da ya kai a dan yayyanka ta yadda ranar zabe za a samu gudanar da zabubbuka a cikin sauki, za ta yi haka, Za ta kuma tura karin ma'aikata domin a samu damar gudanar da zabe a wannan rumfa, ba tare da an samu wani tawaya ko jinkiri ba.",supports,hausa,3
afrifact_data_culture_hausa_792,hausa,supports,nei,supports,supports,nei,nei,supports,False,True,True,False,False,True,Jihohin Florida da Ohio na daga cikin manyan jihohin da duk wani ɗan takarar shugabancin kasar Amurka ke buƙatar ci don samun nasara.,Fagen fafatawa kamar jihohin Florida da Ohio na da matuƙar muhimmanci wajen tattara ƙuri'u 270 na masu zaɓen shugaban kasa na musamman da ake bukata wajen cin galabar samun Fadar White House,supports,hausa,3
afrifact_data_culture_yoruba_235,yoruba,nei,refutes,nei,refutes,refutes,nei,nei,False,True,False,False,True,True,Gbogbo àwọn Òyìnbó amúnisìn tí wọ́n wà níbẹ̀ ni wọ́n fara mọ́ àbá tí Ọọ̀ni dá.,Oba Oyekan I (ó kú ní ọjọ́ ogbọ̀n oṣù Kẹ̀sán ọdún 1900) joba gẹ́gẹ́ bí Ọba ìlú Èkó láti oṣù kẹta ọdún 1885 sí ọjọ́ ogbọ̀n oṣù Kẹ̀sán ọdún 1900.,nei,yoruba,3
afrifact_data_culture_igbo_618,igbo,supports,refutes,supports,supports,nei,supports,nei,False,True,True,False,True,False,Gọọmentị chọrọ ka e lie Mugabe ebe a na-eli ndị dike obodo mana Ezinụlọ Mugabe ekwenghị n'ihi na Mugabe gwara ha mgbe ọ dị ndụ ka ha lie ya n'akụkụ ala ili nna ya Bona.,"Gọọmentị chọburu ka e lie Mugabe ebe a na-eli ndị dike obodo ji biri, mana ezinụlọ ya ekweghị. Ha kwuru na Mugabe chọrọ ka ili ya na nke nne ya bụ Bona dịkọta nso. Onweghị onye ọrụ gọọmentị gbalitere n'ọkwa bịara olili Mugabe. Nwunye ya bụ Grace nakwa ụmụ ya socha duru akpati ya ruo mgbe a dọnyere ya n'ala. ",supports,igbo,3
afrifact_data_culture_igbo_387,igbo,nei,nei,nei,supports,supports,nei,nei,True,True,False,False,True,True,Ji bụ nri ụmụ ntakịrị na-eri n'ụlọakwụkwọ ma e tinye ya beans na osikapa.,"N'obodo ụfọdụ, emume ahụ na-ewe otu ụbọchị dum, ebe n'ọtụtụ ebe ọ nwere ike iwe otu izu maọbụ karịa.",nei,igbo,4
afrifact_data_culture_yoruba_606,yoruba,supports,refutes,supports,supports,nei,refutes,supports,False,True,True,False,False,True,"Ìgè kú ní ọjọ́ kẹtàlélógún oṣù kejìlá, ọdún 2001 tí wọ́n fipá gba èmí rẹ̀.","A bí Ìgè ní ọjọ́ kẹtàlá oṣu kẹsàán ọdún 1930, ó di olóògbé ní ọjọ́ kẹtàlélógún oṣu kejìlá ọdún 2001. Ìgè di Alákòóso (mínísítà) ìjọba àpapọ̀ fún ẹ̀ka ètò ìdájọ́ àti Agbẹjọ́rò-Àgbà ìjọba àpapọ̀̀ láàrín ọdún 2000 títí di ọdún 2001 tí wọ́n fi fipá gba ẹ̀mí rẹ̀ nínú oṣù Kejìlá ọdún 2001. Ìgè jẹ gómìnà láti osù kẹwàá ọdún 1979 títí dé osù kẹwàá ọdún 2003. Lẹ́yìn ìgbàtí ìjọ̀ba olósèlú padà dé ní ọdún 1999. ̣̣̣̣̣̣̣̣̣́́́́́́́ Ìbẹ̀rẹ̀ ayé rẹ̀ [ | ] Wọ́n bí Jèmísìì Ajíbọ́lá Ìdòwú Adégòkè Ìgè ní ìlú ní ní ọjọ́ kẹtàlá oṣù kẹsàn-án ọdún 1930 bí ó tiḷẹ̀ jẹ́ pé ọmọ bíbí ìlú ní ni àwọn òbí rẹ̀. Ìgè gbéra lọ sí ìlú ní dédé ọmọ ọdún mẹ́rìnlá láti lọ kẹ́kọ́ nílé ẹ̀kọ́ ní àárín ọdún 1943 sí 1948.",supports,yoruba,3
afrifact_data_culture_yoruba_309,yoruba,supports,refutes,supports,supports,nei,nei,nei,False,True,True,False,False,False,Sunday Igboho tẹ̀lẹ̀ àwọn ọlọ́pàá lọ sí ilé Seriki ní Igangan pẹ̀lú ìgboyà lẹ́yìn tí wọ́n fi ẹ̀sùn jíjó ilè náà kàn án láti fi ìdí rẹ̀ múlẹ̀ pẹ́ òun kò mọ ohunkóhun nípa rẹ̀.,"Sé lọ́ọ̀tọ́ ni Sunday Igboho jó ilé Seriki fulani ní Igangan? Ẹ jẹ́ kí n sàlàyé kí ọ̀rọ̀ le tán nílẹ̀. ""Nígbà tí mo dé Eruwa, mó lọ fi ara mi hàn lágọ̀ọ́ ọlọ́pàá, mò sì sọ ǹkan ti mo bá wá si àdúgbò náà, adáriu ẹka ilé iṣẹ́ ọlọ́pàá náà sì gbà láti tẹ̀lẹ́ wá lọ. Nígbà tí a de Igangan, à tún bá àwọn 'ọlọ́pàá operation Burst' a lọ sínú ]ilú náà rán pẹ́ asì pada lẹ́sẹ̀kẹsẹ̀ láti lọ sọ fún àwọn ọlọ́pà''a. Ìbéérè mi ni pé, ṣe ọ̀gá ọlọ́pàá yóà máa wò wá kí a lọ má dáná sun ilé Seriki? Sé ọlọ́pàá Operation Burst yóò jk kí a lọ tí a bá dáná sun ilé Seriki? Kò sí nkan tó jọ bẹ́ẹ̀ nígbà tí a wà níbẹ̀ nítorí náà àwa kọ́ ni a dáná sun ilé Seriki Fulani. Sunday Igboho wa gba gbogbo ọmọ Kárọ̀-oojíre nímọ̀ràn pé kí wọ́n wà ní ìṣọ̀kàn kí wọ́n sìmì ọ̀rọ̀ òṣèlú ṣíṣe lórí ǹkan tó niṣe pẹlú igbésí ayé àwọn ènìyàn.",supports,yoruba,2
afrifact_data_culture_igbo_086,igbo,supports,nei,supports,supports,refutes,supports,refutes,False,True,True,False,True,False,Ji ahụrụ ahụ bụ ji e ji eme emume iri ji ọhụrụ.,Ọ bụ ya ka e ji eme emume iri ji ọhụrụ.,supports,igbo,3
afrifact_data_culture_hausa_096,hausa,supports,nei,supports,supports,nei,nei,nei,False,True,True,False,False,False,Malaman makaranta guda 22000 ne suka rasa aiki sakamakon wani garanbawul da Nasir El-Rufa'i ya yiwa ma'aikatar ilimi a jihar Kaduna.,"gwamna, El-Rufai ya fara aiwatar da garambawul a fannin ilimi da nufin sake fasalin yanayin ilimi a jihar. El-Rufai ya kori sama da malaman firamare 22,000. [ ] Gwamnatin E",supports,hausa,2
afrifact_data_culture_igbo_728,igbo,supports,supports,supports,supports,nei,supports,supports,True,True,True,False,True,True,Onye uweojii aha ya bụ Lukmon Akanbi agbagbuola otu nwaokorobịa ya na ya nwere nghọtahie na Legọọs Aịland ụbọchị Fraịde. Ndị uweojii kpere ya ikpe ma chụọ ya n'ọrụ.,"Aka ndị uweojii akparala ofu onye otu ha ji egbe gbagbuo otu nwata nwaokorobịa na mpaghara Legọs Aịland ụbọchị Fraịde. Onye uweojii a aha ya bụ Lukmon Akanbi na nwaokorobịa aha ya bụ Ramon Adeniyi nwere obere nghọtahie o wee mịrị egbe gbatuo ya. Bala Elkana bụ ọnụ na-ekwuru ndị uweojii na Legọs kwuru na e kpeela Akanbi ikpe imeụlọ dịka iwu ndị uweojii sị dị, wee chụọ ya n'ọrụ.",supports,igbo,5
afrifact_data_culture_yoruba_167,yoruba,refutes,nei,refutes,refutes,nei,nei,refutes,False,True,True,False,False,True,Táyé Taiwò gbá bọ́ọ̀lù nínú líìgì àgbábuta orílẹ̀-èdè South Africa fún ọdún márùn-ún.," International. Wọ́n ra Taiwo wá si ìpele Nigeria Premier League, sínú ẹgbẹ́ agbábọ́ọ̀lù Lobi Stars. Níbi tí ó tún ti lo ọdún kan . Olympique de Marseille [ | ] Ní ọdún 2005, nígbà tí ó pé ọmọ ogún ọdún, ẹgbẹ́ agbábọ́ọ̀lù ilẹ̀ Faranse kan ti o n je Olympique de Marseille gba Taiwo sinu iko won. Won ra Taiwo lati le ropo ogbeni Bixente Lizarazu ti o ti lo sinu egbe agbaboolu Bayern Munich. Taiwo lo gba boolu ti iko re Olympic Marseille fi jawe olubori",refutes,yoruba,3
afrifact_data_culture_hausa_354,hausa,supports,refutes,supports,nei,nei,supports,supports,False,True,False,False,True,True,Ahmed Musa ya zura ƙwallaye biyu a nasarar Najeriya 2-0 akan Iceland a gasar cin kofin duniya ta 2018.,"Duk da cewa wasan da ya yi da Iceland ya yi fice, bai ma isa ya ajiye 'yan Afirka ta Yamma a gasar ba saboda Argentina ta fitar da su A ranar 22 ga Yuni 2018, Musa ya ci sau biyu a wasan da suka doke Iceland da ci 2-0 a rukuninsu na biyu. wasan gasar cin kofin duniya. A watan Yunin 2019 ya zama dan wasa na uku da ya fi taka leda a kungiyar kwallon kafa ta Najeriya, inda ya zarce , bayan ya bayyana a wasan sada zumunci da Zimbabwe.",supports,hausa,3
afrifact_data_culture_yoruba_624,yoruba,supports,nei,supports,supports,nei,supports,nei,False,True,True,False,True,False,Ìpínlẹ̀ Òndó tí a tún mọ̀ sí Sunshine State jẹ́ ọ̀kàndínlógún ìpínlẹ̀ tí àwọn èèyàn pọ̀ jùlọ lórílẹ̀-èdè.,"Ondo state Tí orúkọ ìnagijẹ rẹ̀ njẹ́ ""Sunshine State"", Ondo jé ọ̀kàndìnlógún Ìpínlẹ̀ tí ó pọ̀ jùlọ ní orílẹ̀ èdè , tí ó sì jẹ́ ìpínlẹ̀ karùndínlọ́gbọ̀n tó fẹ̀ jùlọ gẹ́gẹ́ bí ìwọ̀n ilẹ̀ gbígbà.",supports,yoruba,3
afrifact_data_culture_hausa_079,hausa,refutes,refutes,refutes,refutes,nei,nei,refutes,True,True,True,False,False,True,Allah ya karbi ran Ado Bayero a garin Landan bayan ya sha fama da rashin lafiya.,"A ranar 6 ga watan Yuni shekarata 2014, bayan shekaru hamsin da dayayi akan kursiyin, Ado Bayero ya mutu a fadarsa",refutes,hausa,4
afrifact_data_culture_igbo_554,igbo,supports,refutes,supports,supports,nei,supports,nei,False,True,True,False,True,False,"Odumeje, Rita Edochie na Ada Jesus nwere nsogbu. Rita Edochie mechara gbaghara Ada Jesus ebubo niile o boro ya.","Rita Edochie, Odumeje, Ada Jesus: 'Chukwu abọrọla m ọbọ n'isi nwada a' Onye na-eme ihe nkiri ama ama aha ya bụ Rita Edochie ekwuola na ọ gbagharala Ada Jesus bụ ọkpaọchị ama ama maka okwu ọjọọ o kwuru megide ya. O kwuru si na obi dị ya ụtọ na ụwa amarala na Ada Jesus tụgidere ya asị. ",supports,igbo,3
afrifact_data_culture_yoruba_135,yoruba,supports,supports,supports,supports,nei,supports,supports,True,True,True,False,True,True,Ayọ̀deji Balogun kọ́kọ́ peregedé fún àmì ẹyẹ Grammy lọ́dún 2015,"Ayodeji Ibrahim Balogun ti ọpọ mọ si Wizkid kọkọ pegede fun ami ẹyẹ Grammy pẹlu iṣẹ ajọṣepọ rẹ pẹlu olorin takasufe ilẹ Amẹrika, Drake lọdun 2015. Ilumọọka olorin ni Wizkid ti ọpọ gbagbọ pe o bẹrẹ iṣẹ orin kikọ lọmọ ọdun mọkanla. Wizkid di ẹni tu araye n sọ nipa rẹ lagba ile orin lọdun 2011 lẹyin to gbe orin ''Holla at Your Boy'' jade. 5. Seun Kuti Seun Kuti to jẹ ọkan lara awọn ọmọkunrin oloogbe Fela Kuti to n kọrin jọ ọkan lara awọn olorin ọmọ Naijiria ti wọn fa kalẹ fun ami ẹyẹ Grammy lọdun 2018.",supports,yoruba,5
afrifact_data_culture_yoruba_118,yoruba,nei,refutes,nei,refutes,supports,nei,nei,False,True,False,False,True,True,Òpópónà tuntun tí wọn ń ṣe láti Èkó sí Calabar yóò jẹ́ kí ètò ọ̀rọ̀ ajé rú gọ́gọ́ síi.,"Ṣùgbọ́n gbogbo bẹ́líìtì àmìn ẹ̀yẹ yìí ni Anthony Joshua gbà padà báyìí. Bákan náà, òun ni alámì ẹ̀yẹ tí British and Commonwealth Heavyweight láti ọdún 2014 sí 2016. Àwọn Ìtọ́kasí [ | ] Penn, Matt (2019-12-08).",nei,yoruba,3
afrifact_data_culture_yoruba_414,yoruba,supports,refutes,supports,supports,refutes,supports,supports,False,True,True,False,True,True,Boko Haram ni wọ́n dá sílẹ̀ láti jẹ́ ẹgbẹ́ tí kì í ṣe oníwàhálà pẹ̀lú àfojúsùn láti ṣe àfọ̀mọ́ ìlànà ẹ̀sìn Islam ní ẹ̀kun Àríwá orílẹ̀-èdè Nàìjíríà.,"Ni ọdun 2002 ni wọn da ẹgbẹ Boko Haram silẹ, gẹgẹ bii ẹgbẹ ti kii se oniwahala pẹlu afojusun ati ṣe afọmọ ilana ẹsin Islam lẹkun ariwa orilẹede Naijiria. Amọṣa ẹgbẹ naa yi pada di agbebọn ninu ilepa awọn afojusun rẹ. Kii ṣe orilẹede Naijiria nikan ni Boko Haram wa mọ bayii, itakun rẹ ti kan de awọn orilẹede to fẹgbẹkẹgbẹ pẹlu Naijiria bii Chad, Niger ati Cameroun. Ọkẹ aimoye awọn eeyan ni wọn ti ran lọ sọrun apapandodo, ti awọn bi miliọnu meji miran si ti di atipo. Boko Haram kii ye ji awọn akẹkọ gbe eleyi to mu ki oju orilẹede agbaye ṣi si ọdọ rẹ lọdun 2014, lẹyin to ji nnkan bii ọọdunrun akẹkọbinrin gbe nileewe kan to wa ni ilu Chibok nipinlẹ Borno, ipinlẹ ti Boko Haram ti kọkọ di agbebọn. Ni ọdun 2015, Boko Haram gba idanimọ gẹgẹ bii ẹgbẹ agbesunmọmi to buru julọ lagbaye, gẹgẹ bi ajọ to wa fun ọrọ aje ati alaafia lagbaye ṣe sọ.",supports,yoruba,4
afrifact_data_culture_hausa_371,hausa,supports,supports,supports,supports,nei,supports,supports,True,True,True,False,True,True,Bikin Argungu yana da tarihi tun daga 1934 kuma yana da muhimmanci ga tattalin arziki da al’ummar yankin.,"Bikin ya fara ne tun a shekara ta 1934, a matsayin wata alama ta kawo karshen dadaddiyar rashin jituwa tsakanin da Masarautar Kebbi. A shekara ta 2005, kifin da ya ci nasara lashe gasar, kifin yanada nauyin 75 Kg, kuma yana buƙatar mazaje huɗu dan ɗora shi akan ma'aunin. A shekara ta 2006 bikin ya hana kamun kifi saboda matsalolin tsaro da suka shafi karancin ruwa. Mahimmancin bikin ga tattalin arziki ya sa gwamnati ta kiyaye kifin ta hanyar hana amfani da gidan sauro da raga . ",supports,hausa,5
afrifact_data_culture_igbo_707,igbo,refutes,nei,refutes,refutes,nei,nei,nei,False,True,True,False,False,False,Mary Udumeke na-agba mbọ na styeeti Anambra ịhụ na a kwụsịrị ibi ụmụ nwaanyị ugwu.,"Mary Udumeke bụ nwaanyị na-agba mbọ ịkwụsị ibi nwaanyị ugwu n'Ebonyi steeti Ọ dịzi n'aka ndị omeiwu steeti dị icheiche ibinye aka n'iwu a ka o wee dị ire na steeti ha. Mana a bịa na mpaghara Ọwụwa Anyanwụ, naanị Abia na Imo steetị bụ ndị ebinyebeghị aka n'iwu a bụ 'Violence Against Persons Prohibition Act'. ",refutes,igbo,2
afrifact_data_culture_igbo_290,igbo,supports,supports,supports,supports,nei,supports,supports,True,True,True,False,True,True,"Linnaeus bụ onye kewara unere n'ụdị abụọ, nke gụnyere Musa paradisiaca na Musa sapientum.",Linnaeus na mbụ kewara unere n'ụdị abụọ iche na ojiji ha dị ka nri: Musa paradisiaca maka unere na Musa sapientum maka unere nri.,supports,igbo,5
afrifact_data_culture_igbo_489,igbo,nei,nei,nei,supports,refutes,nei,nei,True,True,False,False,True,True,Peter Obi na-enye ụlọakwukwọ dị iche iche onyinye ego kwa mgbe,"Ọ gara Christ the King College, Onitsha, ebe ọ gụsịrị akwụkwọ sekọndrị ya",nei,igbo,4
afrifact_data_culture_hausa_239,hausa,supports,nei,supports,supports,nei,supports,refutes,False,True,True,False,True,False,An gina kasuwar kurmi a cikin gundumar Jakara.,"An kafa kasuwar Kurmi a cikin karni na goma sha biyar (15) a matsayin cibiyar kasuwanci da adana kayayyaki don cigaban kasuwanci a cikin birni, sakamakon fadada kasuwancin yanki da Sahara. An Kuma gina ta a cikin gundumar Jakara na cikin birni. ",supports,hausa,3
afrifact_data_culture_igbo_240,igbo,supports,nei,supports,supports,nei,supports,supports,False,True,True,False,True,True,Edochie bụ onye Katọlik.,Edochie bụkwa onye Katọlik.,supports,igbo,4
afrifact_data_culture_yoruba_168,yoruba,supports,supports,supports,supports,nei,supports,nei,True,True,True,False,True,False,"Agbábọ́ọ̀lù ọwọ́ ẹ̀yìn ni Táyé Taiwò, ó sì gbá bọ́ọ̀lù fún ikọ̀ orílẹ̀-èdè Nigeria."," International. Wọ́n ra Taiwo wá si ìpele Nigeria Premier League, sínú ẹgbẹ́ agbábọ́ọ̀lù Lobi Stars. Níbi tí ó tún ti lo ọdún kan . Olympique de Marseille [ | ] Ní ọdún 2005, nígbà tí ó pé ọmọ ogún ọdún, ẹgbẹ́ agbábọ́ọ̀lù ilẹ̀ Faranse kan ti o n je Olympique de Marseille gba Taiwo sinu iko won. Won ra Taiwo lati le ropo ogbeni Bixente Lizarazu ti o ti lo sinu egbe agbaboolu Bayern Munich. Taiwo lo gba boolu ti iko re Olympic Marseille fi jawe olubori",supports,yoruba,4
afrifact_data_culture_igbo_229,igbo,supports,refutes,supports,supports,nei,nei,supports,False,True,True,False,False,True,Site na nkwado ndị PDP mere Obaseki ji bụrụ gọvanọ Edo steeti.,"Makana e wepụ nkwado anyị, Obaseki agaraghị ịbụ gọvanọ Edo steeti"".",supports,igbo,3
afrifact_data_culture_hausa_407,hausa,supports,nei,supports,supports,refutes,supports,supports,False,True,True,False,True,True,Al-Qur’ani shine littafin Allah na ƙarshe kuma an saukar da shi a harshen Larabci ta hannun annabi SAW.,"Al-Qur'ani : rubutun cikin alkur ani bangon Alkur ani (Larabci; القرآن al-Qur'an) ko kuma mai girma kamar yanda akasani, Shine littafin da Allah ya saukar a harshen Annabin Rahama, wato larabci, kuma shine littafin da Allah ya rufe saukar da duk wani littafi mai tsarki a bayansa, (babu littafin da Allah zai sake saukarwa a bayansa) kamar yadda Allah ya saukar ga Annabawan da suka gabata, domin (S A w) shine cika makin Annabawan Allah. Surat al-Nisa' Wanda Allah ya saukar da ayoyinsa ga Annabin Annabi (S.A.W) ta hannun . ",supports,hausa,4
afrifact_data_culture_yoruba_180,yoruba,supports,supports,supports,nei,nei,supports,refutes,True,True,False,False,True,False,"Nínú ìgbàgbọ́ àwọn Yorùbá, wọ́n nígbàgbọ́ pé Olókun ni ìyá Ajé","Àwọn Yorùbá gbà gbọ́ pé Olókun ní ó bí Aje, èyí tí ó jẹ́ Òrìsà fún Ọrọ̀, Ọlá, tí ó wà ní ìsàlẹ̀ òkun. Olókun jẹ́ òrìsà tí ó ń darí àwọn ohun tí ó wà lábé Omi òkun, Ó sí jẹ́ òrìsà tí ó lágbára jù gbogbo ohùn tí ó wà lábé Omi òkun tàbí àwọn òrìṣà kékéèèké tí ó wà lábé Omi òkun. Olókun jẹ́ Òrìsà nlá tí wọn máa ń gbórínyìn fún nípa bí ó ti lágbára láti fún àwọn olúsín rẹ ní Owó, Ọlá, Ọrọ̀, àti àṣeyọrí nígbà tí wọn bá kìí tán. ",supports,yoruba,3
afrifact_data_culture_igbo_306,igbo,supports,nei,supports,supports,refutes,supports,supports,False,True,True,False,True,True,"A na-arụkari ọrụ ugbo n'ime ime obodo ma n'ala Igbo, obodo nile na-arụ oru ugbo, ma nwoke, nwanyi, okorobịa na agbọghọbịa.","A na-arụkari ọrụ ugbo n'ime ime obodo ebe enwere obosara ala. Nwoke, nwanyi, okorobịa na agbọghọbịa na-arụ ọrụ ugbo. A bia na ala Igbo, a ga-asị na obodo nile na-arụ oru ugbo. N'ezie, e ji ọrụ ugbo mara ndi Igbo.",supports,igbo,4
afrifact_data_culture_hausa_187,hausa,refutes,nei,refutes,refutes,nei,refutes,nei,False,True,True,False,True,False,Dajin Yankari ya fara ne daga kudancin Kano kuma ya kare a arewacin Jigawa.,An bayyana Yankari a matsayin wani yanki na kudancin jihar Bauchi a lokacin inda namun daji masu yawa ke wanzuwa kuma ana iya kare su.,refutes,hausa,3
afrifact_data_culture_hausa_726,hausa,supports,refutes,supports,supports,refutes,supports,supports,False,True,True,False,True,True,Bincike ya nuna cewa anfi samun masu cututtukan sikila a arewacin Najeriya saboda rashin gwaji lokacin yin aure.,"Wata kididdiga da aka fitar a watan Maris din bana ta nuna cewa Najeriya ce ta fi yawan mutanen da ke dauke da wannan cuta a duniya, inda kimanin mutum 91,011 ke fama da ita. Yankin arewacin kasar ne kuma aka fi samun wadanda ke fama da cutar. Kuma ana alakanta rashin gwaji kafin aure ne babban dalilin da ya sa cutar ke yaduwa a kasar.",supports,hausa,4
afrifact_data_culture_yoruba_276,yoruba,supports,refutes,supports,supports,nei,supports,supports,False,True,True,False,True,True,Ìlú Ilaro ní ìpínlẹ̀ Ògùn ni wọ́n bí Ọba Seriki Ifaremilekun Abass Williams Fagbemi sí.,"Itan aye Ọba Seriki Ifaremilekun Abass Williams Fagbemi: Abule Joga-Orile lagbegbe ilu Ilaro nipinlẹ Ogun bayii ni wọn ti bi Ifaremilekun, ti orukọ baba rẹ si n jẹ Fagbemi. Olowo ẹru kan nilu Dahomey ti orukọ rẹ n jẹ Abass si lo mu lẹru lasiko ogun Dahomey ati Egba nigba to wa ni ọmọ ọdun mẹfa, to si pa orukọ rẹ da si ti ọga rẹ. Idi si ree to fi n jẹ Ifaremilẹkun Fagbemi Abass. 'Oyenusi ló mú mi wọ ẹgbẹ́ adigunjalè kó tó di pé mo b'Ólúwa pàdé' Lẹyin naa ni wọn ta soko ẹru fun oyinbo Brazil kan to n jẹ Williams, ẹni to gbe Seriki Abass lọ sorilẹede Brazil lati lọ se ọmọ ọdọ rẹ. Ni kete to si de silẹ Brazil ni ọga rẹ yii tun yi orukọ rẹ pada si Williams nitori ẹru ko ni idamọ kankan to yatọ si ti olowo rẹ. Brazil ni William Abass ti mọọkọ-mọọka ninu ede Dutch tilẹ Netherlands, bakan naa lo gbọ ede oyinbo, Spanish ati pọtugi.",supports,yoruba,4
afrifact_data_culture_hausa_809,hausa,supports,nei,supports,refutes,nei,nei,supports,False,True,False,False,False,True,Mutuwar mazaje na jefa matayensu cikin mummunan halin rayuwa.,"Matan da mazansu suka mutu A al'adance, ana daukar mata a matsayin mallakar mazajensu, a wasu al'adun, duk lokacin da namiji ya mutu, mace kan fada cikin wani hali na takura da muzgunawa daga dangi.",supports,hausa,2
afrifact_data_culture_yoruba_525,yoruba,supports,supports,supports,supports,nei,nei,supports,True,True,True,False,False,True,"Kì í ṣe Wizkid nìkan ló jẹ́ olórin ẹlẹ́bùn àtinúdá ní orílẹ̀-èdè Nàìjíríà, àwọn olórin mìí tó tún ti di ìlúmọ̀ọ́ká ni Yemi Alade, Tekno, Falz, Olamide, Simi, Mr Eazi, Mologo àti Patoranking","Awọn onkorin lasiko yii gba pé orin Afro Beats ti n nipa lori ọna iṣọwọ kọrin awọn miran ni ori ayelujara ni eyi to tun n fun Naijiria lokiki sii lagbaye. Ayanbinrin Ara fi ilu kọ'rin ibilẹ Naijiria Eyi lo bi ẹya orin bii Afro-pop, azonto, hiplife atawọn mii laarin awọn eniyan Ghana ati Naijiria bi apẹrẹ orin Oliver Twist ti DBanj tun ṣi oju awọn eniyan si i. Awọn olorin Naijiria mii to tun ti di ilumọọka ni Yemi Alade, Tekno, Falz, Olamide, Simi, Mr Eazi, Mologo ati Patoranking. ",supports,yoruba,4
afrifact_data_culture_hausa_713,hausa,supports,refutes,supports,supports,nei,supports,supports,False,True,True,False,True,True,Trump ya goyi bayan 'yan kama karya a lokacin mulkinsa.,"Wanne irin sauyi za a samu karkashin shugabancin Biden? Abubuwa kadan za mu iya hasashen - sauyin alaka da kawayen Amurka, sai maganar sauyin yanayi, da kuma rikicin gabas ta tsakiya. Alaka tsakanin Amurka da ƙawayenta Trump ya yi ta goyon bayan 'yan kama karya da kuma haɗa hannu da su.",supports,hausa,4
afrifact_data_culture_hausa_401,hausa,supports,nei,supports,supports,nei,supports,supports,False,True,True,False,True,True,Mabiya Sunnah sun zaɓi Abubakar ya jagorance su saboda Annabi bai nuna wanda zai bi bayan sa ba.," Hujjar mabiya aƙidar Sunnah kuwa ita ce da yake Manzon Allah (s.a.w) bai nuna wani ba wanda za'a bi bayansa sai suka yanke hukuncin yin Shura (wato kuri'a tsakanin al'umma) bayan Wafatin, wato rasuwar Annabi (s.a.w) kuma suka zaɓi Sayyadina Abubakar a matsayin Jagoran daular musulunci kuma jagoran Musulmai. ",supports,hausa,4
afrifact_data_culture_igbo_646,igbo,refutes,refutes,refutes,refutes,nei,refutes,nei,True,True,True,False,True,False,Dave Adenuba bụ kọmishọna ndị Abịa Steeti gwara ndị gọọmentị Enugwu ka ha na-akwụ ndị Enugwu ụgwọ ọnwa oge kwesịrị.,N'otu aka ahụ kọmishịọna mgbasaozi bụ Don Adenuba gwara BBC Igbo na o nweghi onye ọrụ bekee ọbụla e ji ụgwọ n'Anambra Steeti. Ọ sị na gọọmentị ha kwụrụ ụgwọ n'ụbọchị iri abụọ na isii nke ọnwa Eprelụ afọ 2020.,refutes,igbo,4
afrifact_data_culture_hausa_690,hausa,supports,refutes,supports,supports,refutes,supports,supports,False,True,True,False,True,True,Jami'an gwamnati da yawa ba su bi ƙa'idar korona ba lokacin da aka yi jana'izar Abba Kyari.,"Mun duba mafiya shahara daga ckinsu kamar haka: Mutuwar babban jami'in gwamnati a Najeriya Waɗanda suka halarci jana'izar Abba Kyari ba su bi ƙa'idojin bayar da tazara ba A Najeriya, annobar korona ta shiga har fadar Gwamnatin Tarayya.",supports,hausa,4
afrifact_data_culture_igbo_252,igbo,supports,refutes,supports,supports,nei,nei,nei,False,True,True,False,False,False,"Rachael Okonkwo malitere ime ihe nkiri mgbe ọ bụ nwata, mana n'ihi Ọ naghị enweta ọrụ, ọ gbanwere ọrụ ya n'ịgba egwu.","Ọ malitere ime ihe nkiri mgbe ọ bụ nwata, mana n'ihi Ọ naghị enweta ọrụ, ọ gbanwere ọrụ ya n'ịgba egwu.",supports,igbo,2
afrifact_data_culture_yoruba_634,yoruba,nei,nei,nei,supports,supports,nei,nei,True,True,False,False,True,True,Fásítì Èkó ló jáwé borí nínú ìdíje pẹ̀lú àwọn ilé ẹ̀kọ́ gíga mẹ́wàá mìíràn.,Iṣẹ́ ti àwọn ará Ipetumodu máa ń ṣe ni iṣẹ́ àgbẹ̀ àti iṣẹ́ ìkòkò mímọ. Ìtàn ìlú ipetumodu [ | ] Àwọn akọni tó kọ́wọ̀ọ́rìn bíi Orunmila àti Obatala ló tẹ ìlú náà dó láti àringbùngùn ayé.,nei,yoruba,4
afrifact_data_culture_hausa_791,hausa,supports,refutes,supports,supports,refutes,nei,supports,False,True,True,False,False,True,Tawagar yaƙin zaɓen Trump sun dage da kamfen a jihar Florida saboda muhimmanci ta wurin cin zaɓen shugaban ƙasa,Tawagar yaƙin neman zaɓen Trump na fafutuka tuƙuru a jihar ta Florida - faɗuwa zaɓe a nan ka iya haramta masa sake komawa Fadar White House.,supports,hausa,3
afrifact_data_culture_igbo_528,igbo,supports,supports,supports,supports,nei,nei,supports,True,True,True,False,False,True,"Emmanuel Nnamdị Ụba ji ọkwa dị ka Gọvanọ Anambra Steeti naanị ọnwa atọ, bido na April 2007 rue Juunu 2007","N’afọ 2007, Ụba zọọrọ na nhọputa PDP maka ntuli aka gọvanọ nke steeti Anambara, a ma họpụta ya na ntuli aka na Epurel 14 2007. Mana, onye bụbu gọvanọ gbara akwụkwọ na ntuliaka ahụ, na-ekwu na, n’ihi na ụlọ ikpe nabatara na Obi meriri na ntuli aka Epurel 2003 na 15 Machị 2006, na ọ ka nwere afọ atọ ọzọ ma ọ bụ afọ anọ ya ịchị. Ndị ọkaikpe ahụ nakweere arụmụka ahụ, na 14 Juunu 2007, ha kwụsịrị ntuli aka nke Andy Ụba. ",supports,igbo,4
afrifact_data_culture_yoruba_522,yoruba,supports,refutes,supports,supports,nei,supports,supports,False,True,True,False,True,True,"Ọba Wahab Kayode Oyedọtun ní Ọọ̀ni ti ìlú Ilé-Ifẹ̀ ló pe ìpàdé pàjáwìrì àwọn lọ́balọ́ba fún fún ìjíròrò, láti mọ ohun tó fa aáwọ̀ láàárín Olúwo àti Agbowu.","Ọba Wahab Kayode Oyedọtun, Bibire Kinni salaye pe, ko si ẹni to kanro Oluwo sinu tabi korira rẹ tori pe o n se akọ, asa ilẹ wa naa lo n gbe ga, eyi si kọ lo jẹ kawọn juwe ọna ile fun. Ọba Oyedọtun ni, Ọọni tilu Ile Ifẹ lo pe ipade pajawiri awọn lọbalọba pe kawọn wa jiroro, lori ohun to lee faa aawọ laarin Oluwo ati Agbowu, gẹgẹ bo se waye lọsẹ kan sẹyin, bẹẹ si ni ọjọ naa kii se ọjọ ipade awọn. O ni ipade naa kun gan, ti awọn ọba to wa nibẹ si le ni ọgọrin, nigba ti Ọọni si n fi ẹdun ọkan rẹ han lori isẹlẹ naa, lo ti salaye pe oun ko si nile, Abuja ni oun wa, amọ oun sare wale ni, inu awọn ọba Arẹwa ati ila oorun ilẹ yii ko dun sawọn ni Ọsun, ti wọn si n rọ oun lati wa nkan se si bi ọba se n na ọba nilẹ Yoruba.",supports,yoruba,4
afrifact_data_culture_hausa_492,hausa,supports,nei,supports,supports,nei,supports,supports,False,True,True,False,True,True,An kashe Muhammad Auwal Albaniy Zaria tare da matarsa akan hanyarsa ta dawowa daga wurin tafsiri.,Ƴan bindigar sun harbe Sheikh Muhammad Auwal Adam Albani Zariya tare da ɗaya daga cikin matansa a cikin garin a kan hanyarsu ta dawowa gida bayan sun halarci karatun Tafsirin yamma da suka saba zuwa a cikin garin.,supports,hausa,4
afrifact_data_culture_igbo_432,igbo,supports,supports,supports,supports,nei,supports,supports,True,True,True,False,True,True,"Na Republic Naịjirịa nke Abụọ, Alex Ifeanyichukwu Ekwueme ji ọkwa osote onyeisiala nke Naijiria site n'afọ 1979 ruo 1983",Alexander Ifeanyichukwu Ekwueme // ⓘ GCON (21 October 1932 – 19 Nọvemba 2017) bụ onye ndọrọndọrọ ọchịchị Naijiria nke jere dịka osote onyeisiala mbụ nke Naijiria site na 1979 ruo 1983 n'oge Naịjiria Republic nke Abụọ n'okpuru onyeisiala Shehu Shagari dịka onye otu National Party.,supports,igbo,5
afrifact_data_culture_hausa_185,hausa,supports,refutes,supports,supports,nei,nei,nei,False,True,True,False,False,False,Tafkin Tiga na ɗaya daga cikin madatsun ruwan da aka gina a Kano don bunƙasa noman rani.,An gina madatsar ruwan ne a lokacin gwamnatin Gwamna a ƙoƙarin inganta samar da abinci ta hanyar ayyukan noman rani.,supports,hausa,2
afrifact_data_culture_yoruba_279,yoruba,supports,refutes,supports,refutes,nei,supports,supports,False,True,False,False,True,True,"Ní ọdún 2016, ilé aṣòfin àgbà kọ àbá Ààrẹ Buhari láti yá owó tó lé ní bílíọ̀nù mọ́kànlélọ́gbọ̀n Dọ́là ($29.9) láti ilẹ̀ òkèèrè.","Bakan naa lọdun 2016, ile aṣofin agba kọ aba aarẹ Buhari lati ya owo to le ni biliọnu mọkanlelọgbọn Dọla ($29.9) lati ilẹ okeere. Ẹwẹ, awọn aṣofin naa tun kọ lati fi ọwọ si yiyan Ibrahim Magu gẹgẹ bi alaga ajọ to n gbogun ti iwa ibajẹ, EFCC, ti wọn fi ẹsun kan pe 'oniwa ibajẹ ni.' Titi di asiko yii, ipo adele alaga ajọ EFCCC ṣi ni Ibrahim Magu wa, ile aṣofin ko fọwọ si iyansipo rẹ bi alaga, eyi ti inu awọn aṣofin ko dun si i. Ọpọlọpọ iyannisipo ti Buhari fẹ ẹ ṣe ni awọn aṣofin naa ko buwọlu, ti awọn miran si pẹ pupọ ki wọn to o fọwọ si i.",supports,yoruba,3
afrifact_data_culture_yoruba_300,yoruba,supports,nei,supports,supports,nei,supports,supports,False,True,True,False,True,True,Sunday Igboho àti Babatunde Arowolo lọ́ farahàn níbi ti àwọn ọmọ onílẹ̀ ti ń ṣọṣẹ́ láti gba àwọn èèyàn Soka ní ìlú Ìbàdàn sílẹ̀.,"Sunday Igboho gba àwọn èèyàn Soka n'Ibadan sílẹ̀ lọ́wọ́ àwọn ọmọ onílẹ̀ tó wá ṣọṣẹ́ Ọrọ di boo lọ, ko yago fun mi ladugbo Soka nilu Ibadan lasiko ti gende meji to gbe ohun ija oloro lọwọ, ti wọn pe ara wọn ni ọmọ onilẹ ya bo agbegbe naa. Owurọ ọjọ Isẹgun ana niroyin gba igboro Ibadan kan, tawọn eeyan si n pe sori redio gbogbo nilu naa pe ẹmi awọn eeyan to n gbe ladugbo naa ko de tori awọn gende agbebọn to ya bo wọn. Àwọn iròyin tì ẹ leè ní ìfẹ̀ síí: A gbọ pe se ni iro ibọn n dun lakọ-lakọ, tawọn eeyan si n sa asala fun ẹmi lasiko ti awọn ọmọ onilẹ ọhun ni ki awọn onile gbe ile wọn kuro lori ilẹ awọn. Se lawọn ọmọde ati agba, alaboyun ati awọn iyalọmọ, to fi mọ awọn arugbo n sa asala fun ẹmi wọn, ti awọn to si laya lati beere pe ki lo fa isẹlẹ naa, jẹ ajẹkun iya. Ẹnikan ti isẹlẹ naa soju rẹ salaye pe ọpẹlọpẹ asaaju ọmọ Yoruba kan, Oloye Sunday Adeyẹmọ, ti gbogbo eeyan mọ si Sunday Igboho to tete de sadugbo ọhun lasiko ti laasigbo naa gbona janin-jani. A gbọ pe Igboho ati ọkunrin kan ti wọn pe orukọ rẹ Babatunde Arowolo, ti gbogbo eeyan mọ si Bako, lo de lasiko lati gba awọn eeyan adugbo naa silẹ, ni kete ti aawọn ọmọ onilẹ naa si foju gaani rẹ, ni wọn ba juba ehoro.",supports,yoruba,4
afrifact_data_culture_igbo_462,igbo,supports,nei,supports,supports,nei,nei,nei,False,True,True,False,False,False,Dora Akunyili jibu ọkwa daịrekụtọ jenaralụ n'ụlọ-ọru na-ahụ maka mmepụta na nkesa ọgwụ n'ụdị kwesịrị ekwesị n'ime Naịjirịa.,"Ọ bụbu nnukwu onyeisi ntụziaka (nke a na-akpọ daịrekụtọ jenaralụ n'asụsụ Bekee) n'ụlọ-ọru na-ahụ na a na-emepụta nakwa na-ekekesa ọgwụ, ihe ọńụńụ na ihe oriri n'ụdị kwesịrị ekwesị.",supports,igbo,2
afrifact_data_culture_igbo_080,igbo,supports,refutes,supports,supports,nei,nei,nei,False,True,True,False,False,False,Nnadị Kanu gwara ndị Ipob ha aṅala ihe Wike na-ekwu ntị.,Mana Nnadị Kanu gwara ha aṅala ntị.,supports,igbo,2
afrifact_data_culture_hausa_133,hausa,refutes,nei,refutes,refutes,nei,refutes,refutes,False,True,True,False,True,True,Jam'iyyar APC ce ta tsayar da Sule Lamido takarar gwamnan jigawa a shekarar 2007.,"sule lamido yayi shekara takwas yana mulkin gwamna a jahar jigawa, ƙarƙashin jam’iyar PDP kuma ya nemi takaran shugaban ƙasa a shekara ta 2019.",refutes,hausa,4
afrifact_data_culture_yoruba_597,yoruba,supports,nei,supports,supports,nei,supports,supports,False,True,True,False,True,True,Mínísítà fún ètò ìbánisọ̀rọ̀ ní Nàìjíríà tele ni Adebayo Shittu je. Ó sì wà lábẹ́ Ààrẹ tó wà nípò ní àkókò náà.,"Adebayo Shittu jẹ́ minisita fún ètò ìbánisọ̀rọ̀ ní Nàìjíríà tẹ́lẹ̀ láàárín ọdún 2011 sí 2019 lábẹ́ Ààrẹ tẹ́lẹ̀ rí. Shittu lo rọpo gege bi minisita fun eto ibanisoro, Isa Ali Pantami lo tele.",supports,yoruba,4
afrifact_data_culture_hausa_398,hausa,supports,refutes,supports,supports,nei,supports,supports,False,True,True,False,True,True,Tarihin siyasar Musulunci ya shafi yadda ake fahimtar shugabanci da biyayya a cikin al’umma.,"Ya kamata a lura da cewa musulmi a lokacin ba su kasu kashi biyu ba, wato ‘yan Shi’a da Sunna, sai dai hakan ya faru ne bayan wafatin Manzon Allah, tsira da amincin Allah su tabbata a gare shi da alayensa, da taron juyin mulkin da aka yi a Saqifa. Bani Sa'ida da zabin Abubakar a matsayin magajin Manzon Allah, tsira da amincin Allah su tabbata a gare shi da alayensa, a kan musulmi. Al’amarin ya fuskanci adawar Ali binu Abi Talib, tsira da amincin Allah su tabbata a gare shi, da dukkan Bani Hashim, da Salman Al-Farisiy, da Abu Zarr Al-Ghafari, da Al-Miqdad bin Al-Aswad, da Ammar bin Yasser, da Ibn Al-Tayhan. Othman bin Hanif, da sauran sahabbai da mabiyan Ali, tsira da amincin Allah su tabbata a gare shi. Daga nan ne bishiya Shi'anci ta fara girma.",supports,hausa,4
afrifact_data_culture_igbo_190,igbo,nei,nei,nei,supports,supports,nei,nei,True,True,False,False,True,True,E nwere steeti iri abụọ na asatọ na Naijirịa.,Ọ bụkwa ndi Ìgbò bi na ebe ugwu nke Ọ̀hà Delta na Ọ̀hà Rivas.,nei,igbo,4
afrifact_data_culture_igbo_158,igbo,supports,supports,supports,supports,nei,supports,nei,True,True,True,False,True,False,"Ákàrà nsibiri dị puku, nke há mà dị 500 nke ha détùrù","nsibiri dị puku, nke há mà dị 500 nke hé détùrù. Hé zì",supports,igbo,4
afrifact_data_culture_igbo_088,igbo,nei,nei,nei,supports,supports,nei,nei,True,True,False,False,True,True,"I rie ji a sụrụ asụ na ofe nsala, ị gaghị achọzị osikapa a i na-eri.",Ndị Igbo na-eji ji ama onye bụ dimkpa nakwa onye abụghị onye ume ngwụ.,nei,igbo,4
afrifact_data_culture_hausa_353,hausa,supports,refutes,supports,supports,nei,nei,refutes,False,True,True,False,False,False,Ahmed Musa ya zura ƙwallaye biyu a wasan Najeriya da Argentina a gasar cin kofin duniya ta 2014.,"Ahmad Musa ya zama ɗan na farko da ya ci fiye da ɗaya a gasar cin kofin duniya wato , bayan da yaci Argentina kwallaye biyu a gasar cin kofin duniya ta shekara dubu biyu da goma sha huɗu (2014). Ahmad Musa shine Ɗan na farko da ya zura kwallo a gasar cin kofin duniya ta guda biyu, bayan ya zura kwallaye biyu a ragar Iceland a matakin rukuni na .",supports,hausa,2
afrifact_data_culture_igbo_708,igbo,supports,nei,supports,supports,nei,nei,refutes,False,True,True,False,False,False,Na Steeti Ebonyi Mary Udumeke na-agba mbọ ịhụ na a kwụsị ibi ụmụnwaanyị ugwu na steeti ya. Ọ na-agba mbọ ịhụ na iwu kwadoro nke a. Steeti Abịa na Imo ebinyebeghi aka na nkwado iwu a.,"Mary Udumeke bụ nwaanyị na-agba mbọ ịkwụsị ibi nwaanyị ugwu n'Ebonyi steeti Ọ dịzi n'aka ndị omeiwu steeti dị icheiche ibinye aka n'iwu a ka o wee dị ire na steeti ha. Mana a bịa na mpaghara Ọwụwa Anyanwụ, naanị Abia na Imo steetị bụ ndị ebinyebeghị aka n'iwu a bụ 'Violence Against Persons Prohibition Act'. ",supports,igbo,2
afrifact_data_culture_yoruba_246,yoruba,supports,nei,supports,supports,nei,supports,nei,False,True,True,False,True,False,Ìlú Àkókó jẹ́ ìlú kan tí ó kalẹ̀ sí agbègbè Àríwá àti Ìlà oòrùn ìpínlẹ̀ Oǹdó.," Ìkàrẹ́-Àkókó ni olú ilé ịṣẹ́ ìjọba ìbílẹ̀ wà. Ìlú náà sì tó iye ọgọ́rùn ún kìlọ́mítà (100 km) sí ìlú tí ó jẹ́ olú ìlú fún gbogbo lápapọ̀. Àkókó wà ní agbede-méjì àríwá àti ìlà oòrùn Ìpínlè Ondó.̀ Ohun tí wọ́n fi ń ṣọrọ̀ ajé ní ìlú Ìkàrẹ́ ni ǹkan ọ̀gbìn bíi: , , àti bẹ́ẹ̀ bẹ́ẹ̀ lọ. ",supports,yoruba,3
afrifact_data_culture_igbo_404,igbo,supports,nei,supports,supports,nei,supports,supports,False,True,True,False,True,True,"Ndị e ji egwu Igbo haịlaịf kacha mara gụnyere Chiifụ Stephen Osita Ọsadebe, Oliver De Coque, Ali Chukwuma, , Sir Warrior, Oriental Brothers, Ikem Mazeli.","Otu onye n’ime ndị kachasị edee egwu mana emepụta egwu a bụ Chiifụ Stephen Osita Ọsadebe onye ọrụ ya ruru afọ iri anọ ma gafee. Ihe nkiri Osadebe gụnyere ọtụtụ egwu ama ama gụnyere egwu ""1984 ""Ọsọndị Owendị"" nke bugoro ya na ọkwa ụwa dịka onye mbụ bidoro Igbo haịlaịf . Ọ kwe ukwe na ọ kpọọ jita Oliver De Coque, bụ ""onye a gụnyere dịka otu n'ime ndị eji ama atụ na onye isi nkenkepụ n'egwu ọgbara ọhụrụ ama ama."" Coque bụ onye kpatara owuwu Igbo haịlaịf na nkanka. N'ime egwu ya ama ama bụ ""Biri Ka Mbiri"", ""Ana Enwe Obodo Enwe"", ""Nnukwu Mmanwu"" na ""Identity"", ha niile rụpụtara ọfụma na 1980 niile. Ndị ọzọ na-eme ihe nkiri n'oge gara aga n'ụdị a bụ ndị nyere nnukwu onyinye na mmepe ya bụ, Ali Chukwuma, , Sir Warrior, , Nico Mbarga, Oriental Brothers, Isaac Rogana Ottah, Ikem Mazeli.",supports,igbo,4
afrifact_data_culture_hausa_012,hausa,supports,refutes,supports,supports,nei,supports,supports,False,True,True,False,True,True,Sojoji ne suka hamɓarar da gamnatin Shehu Shagari a shekarar 1983.,"Shehu Shagari ya zama a watan Oktoban shekara ta alif dari tara da Saba'in da tara (1979), inda yayi mulki har zuwa Disamban shekara ta alif da dari tara da tamanin da uku (1983), wanda sojoji suka kwace mulki a hunnunsa, a jagorancin . Shehu Shagari shine shugaban Najeriya da ya hau mulki ta sanadiyar zaɓe na farko.",supports,hausa,4
afrifact_data_culture_yoruba_147,yoruba,supports,refutes,supports,supports,nei,supports,supports,False,True,True,False,True,True,Ibrahin àti Ismael gbà wọ́n sì juwọ́ jusẹ̀ fún Ọlọ́run wọn Allah.,"Lẹ́hìn èyí, tí àwọn méjèèjì sí ti gbà fún Ọlọ́hun wọn Allah tí wọ́n sì ṣe ijúwọ̀-jusẹ̀ sílè fún Ìfẹ Ọlọ́hun), tí òun (Ibrahim) sí tí tẹ́ orí ẹ́e (Ishamel) lọ sílẹ̀ (ní ààyè itébà sí iwájú); ""Báyìí náà ní Àwa sí pé òun: ""Ìwọ Ibrahim o!"" ""Ìwọọ (Ibrahin) tí ṣe gẹ́gẹ́ bí A ti fi hàn ó (ní ojúran) ní òtítọ àti ní òdodo! Báyìí náà sì ní Àwa ṣe má ń san ẹ̀san fún (gbogbo àwọn) Múhsínùn (olùṣe rere lótitọ àti l'ódodo) - Sheikh Adélabú ṣe ìtọka sí Ẹsẹ Ọrọ Ọlọ́hun nínú kúránì Orí 2:112)."" Láì kọ́ ṣe àníàní, ìdánwò nlá tí ó fi ojú hàn gbángba ní eléyìí jẹ́. Nítorí ìdí èyí ní À wa fi ṣe ìrópò (gẹ́gẹ́ bí ìràpadà) ọmọ (Ishamael) tí òun (Ibrahim) náà pẹ̀lú àgùntàn kàn bọ̀lọ̀jọ̀ (láti fi dípò ní ṣíṣe ìdúpẹ́ òòrè láti Ọ̀dọ̀ Ọlọ́hun)",supports,yoruba,4
afrifact_data_culture_yoruba_501,yoruba,supports,supports,supports,supports,nei,supports,nei,True,True,True,False,True,False,"Sheik Muideen Ajani Bello ló wàásù níbí ìsìnkú Ajimobi, tí ó sì gbóríyìn fún Ajimobi gẹ́gẹ́ bí ẹni tí ó bẹ̀rù Ọlọ́run, tí ó sì rọ gbogbo ènìyàn láti ronúpìwàdà, bẹ́ẹ̀ sì ni ó gbàdúrà pé kí Ọlọ́run san án fun gẹ́gẹ́ bí iṣẹ́ ọwọ́ rẹ̀.","Bakan naa, Sheik Muideen Ajani Bello, tii se oniwaasi agbaye to se waasi nibi akanse eto adura naa ni ijoko adura naa ti to fun waasi nikan. Bello ni ""ọpọ awọn fọnran aworan ti Ajimobi ti sọrọ silẹ nigba aye rẹ fihan pe, oloogbe naa kii se eeyan lasan, wolii Ọlọrun ni. Gbogbo ohun ti kaluku wa ba n se ni ka yipada, abi, ta a ni sọ."" O wa gbadura pe ki Ọlọrun kẹ Ajimọbi, ko gẹ ẹ, ko si san gbogbo laada to yẹ ko duro jẹ fun ninu saare. ""Iya ni ọpọ eeyan ti ko yin Ajimobi loju aye rẹ, amọ ti wọn n yin lẹyin to ku tan yoo jẹ niwaju Ọlọrun, nitori igba to wa laye lo yẹ ki wsn sọ daada nipa rẹ.""",supports,yoruba,4
afrifact_data_culture_yoruba_490,yoruba,nei,nei,nei,refutes,supports,nei,nei,True,True,False,False,True,True,Alaga Hajj ni Naijiria ni inú wọn kò dùn sí bí Hajj kò ṣe ní wáyé ní ọdún 2020.,"Boko Haram da ìbọn bo ọkọ̀ gómìnà Borno, ẹ̀ṣọ́ àláàbò rẹ̀ farapa Ijọba ipinlẹ Borno ti fi idi rẹ mulẹ pe, lootọ l'awọn agbebọn Boko Haram kọlu awọn ọkọ to n kọwọrin pẹlu gomina ipinlẹ naa, Babagana Zullum ni Ọjọru. Agbẹnusọ fun gomina naa, Mallam Isa Gusau ṣalaye pe, ori ko gomina Zullum yọ lai farapa ṣugbọn diẹ lara awọn to baa rin, to fi kan awọn ẹṣọ alaabo, fara ṣeṣe. Isa fi kun un pe, ilu Baga ni gomina naa n lọ nigba ti ikọlu naa waye. Bawo lo ṣe ṣẹlẹ? Ni Ọjọru ni iṣẹlẹ yii waye ni nnkan bii agogo mẹrin irọlẹ lasiko ti gomina naa fẹ wọ ilu Baga l'awọn agbọn naa ba ṣina ibọn bolẹ. Awọn ẹṣọ alaabo to wa pẹlu rẹ naa daa ina ibọn bolẹ.",nei,yoruba,4
afrifact_data_culture_yoruba_249,yoruba,supports,supports,supports,supports,nei,supports,nei,True,True,True,False,True,False,Ilé ìwé Girama Badagry Grammar School ni wọ́n ti ṣe ayẹyẹ Àgbádá-rìgì tó kọjá.,"Àjọ̀dún tí wọ́n ṣe kẹ́yìn wáyé nínú ọgb̀a ilé ìwẹ́ girama ìlú náà ìyẹn (Badagry Grammar School), Badagry, , Nàìjíríà. Ìtàn òwò ẹrú nílu Àgbádá-rìgì [ | ] Orúkọ tí ìlú náà ń jẹ́ lónìí (Badagry) ni wọ́n fà yọ láti inú iṣẹ́ àwọn ènìyàn ìlú náà. Lára iṣẹ́ náà ni: iyọ̀ ṣíṣe, ẹja pípa, iṣẹ́ àgbẹ̀. Bákan náà, àwọn mìíràn gbà wípé ìlú náà ni wọ́n fi sọrí ẹnìkan tí ó ń jẹ́ Agbedeh, ẹni tị ó jẹ́ gbajú-gbajà àgbẹ̀ nílu náà tí orúkọ oko rẹ̀ ń jẹ́ Àgbádá-rìgì, tí àwọn Èèbó amúnisìn padà yí sí (Badagry).",supports,yoruba,4
afrifact_data_culture_hausa_426,hausa,supports,nei,supports,supports,nei,nei,supports,False,True,True,False,False,True,Sheikh Qaribullah ya auri mata biyu yana da shekaru ashirin da biyu.,"Kuma haka rayuwa ta kasance a gare shi har ya kai ga ,kuma abin mamaki, ya auri mata biyu yana da shekaru ashirin da biyu a 1982. Kamar yadda ba a saba gani ba, da ban mamaki, ko da yake halal ne,kamar daura auren mata biyu a lokaci guda - a wani lokaci, sun yi zaman jituwa tare, na wani lokaci kafin shi, Sheikh Qareebullah, ya yi auren mata fiye da ɗaya na gaske. Wannan aure (salon auren mata fiye da daya ),ba kamar yadda yake ba, sai da ya haifa masa ‘ya’ya goma sha tara.",supports,hausa,3
afrifact_data_culture_yoruba_018,yoruba,supports,nei,supports,supports,nei,supports,supports,False,True,True,False,True,True,Ọ̀kan nínú àwọn nǹkan tí ó wọ́pọ̀ nínú àwùjọ àwọn elédè Spanish àti ẹ̀sìn àwọn Cuban ni Aganjú.,"Aganjú tàbí Aganyú ni òdò awon elédèè Spanish ni wón ń pè ní . Wón gbà pé ó ń ṣíṣe pọ̀ pẹ̀lú nínú Ẹsin ti àwọn Cuban, èyí tí wọ́n ń pè ní Santería. Wọ́n gbàgbọ́ pé Aganjú ni àjọṣe pẹ̀lú Òrìsà ṣàǹgó. Gẹ́gẹ́ bí Ọba ní Ọ̀yọ́ rí, Aganju jẹ́ ọmọ Ẹ̀gbọ́n Ṣàǹgó tí orúkọ rẹ̀ ń jẹ́ Àjàká. Èyí tí ó jẹ́ pé àwọn méjèèjì tí fi ìgbà kan jẹ́ Ọba ìlú Ọ̀yọ́ rí tí wọ́n ti ìpàṣẹ rẹ̀ di Òrìṣà tí wọ́n ń bọ.",supports,yoruba,4
afrifact_data_culture_igbo_488,igbo,supports,supports,supports,supports,nei,nei,supports,True,True,True,False,False,True,N'ụlọ ọba ego ka Peter Obi na-arụ ọrụ tupu ọ banye na ndọrọ ndọrọ ọchịchị,Obi bụ onyeisi oche nke Fidelity Bank tupu ọ hapụ ọnọdụ ahụ ịbanye na ndọrọ ndọrọ ọchịchị.,supports,igbo,4
afrifact_data_culture_hausa_005,hausa,supports,supports,supports,supports,nei,supports,supports,True,True,True,False,True,True,Muhammadu Buhari ya yi mulkin Nigeria a matsayin shugaban kasa na farar hula daga shekara 2015 zuwa shekarar 2023.,"Muhammadu Buhari (17 Disamba 1942 – 13 Yuli 2025) ne wanda ya yi mulkin ƙasar a matsayin daga 2015 zuwa 2023. Soja ne mai matsayi na majo janar a , kuma ya shugabanci ƙasar a matsayin daga 31 Disamba 1983 zuwa 27 Agusta 1985. Buhari ya tsaya takarar shugaban ƙasa a Najeriya a ƙarƙashin jam’iyyar a zaɓen shugaban ƙasa na 2003 da na 2007, sannan kuma a ƙarƙashin jam’iyyar Congress for Progressive Change (CPC) a zaɓen shugaban ƙasa na 2011",supports,hausa,5
afrifact_data_culture_yoruba_333,yoruba,supports,nei,supports,refutes,nei,supports,supports,False,True,False,False,True,True,"Ìgbẹ̀mí ara-ẹni pọ̀ gidi gan-an ní orílẹ̀-èdè Amẹ́ríkà, ìwádìí sì fi lélẹ̀ pé èyí wọ́pọ̀ láàárín àwọn ènìyàn tó ti fìgbà kan ni àìsàn ọpọlọ.","Bakan naa, ibudo orilẹede Amẹrika to n boju to itju aisan na ni akọsilẹ to sọ pe ẹgbẹrun mẹtadinlaadọta eeyan lo gba ẹmi ara wọn nilẹ amẹrika lọdun 2017 eyi si ni ohun to n ṣokunfa iku awọn ara Amẹrika larin ọdun mẹwaa si mẹrinlelọgbọn. Gbigba ẹmi ara ẹni lee nidi ṣugbọn o maa ni ibaṣepọ to nipọn pẹlu ilera ọpọlọ paapaa iporuru kan. ""Ida aadọrun awọn to gbẹmi ara wọn lo ti ni itan aisan to ni ṣe pẹlu ọpọlọ ri tabi iṣoro fifi ipa mu ni lasiko iku wọn Ohun ti awọn Bridgewath Angels n se ni lati dena gbigba ẹmi ara ẹni.",supports,yoruba,3
afrifact_data_culture_hausa_786,hausa,supports,nei,supports,supports,nei,nei,nei,False,True,True,False,False,False,Mista Jonathan ya zargin Obama da David Cameron da yunƙurin kifar da gwamnatinsa.,"Mista Jonathan ya ce ba anan kadai Amurka ta tsaya ba wajen yunkurin kifar da gwamnatinsa, har ta kai Shugaba Obama ya shawo kan firaministan Burtaniya David Cameron ya mara masa baya duk da kyakkyawar dangantakar da ke tsakanin Jonathan da Cameron",supports,hausa,2
afrifact_data_culture_yoruba_429,yoruba,supports,refutes,supports,supports,refutes,supports,supports,False,True,True,False,True,True,Sanusi ṣàlàyé pé Ọlọ́run ti kọ ọ́ wí pé òun yóò jẹ́ Ọba Kano bẹ́ẹ̀ náà sì ni àkọsílẹ̀ wà wí pé wọn yóò yọ òun.,"Èyí ni fídíò bí wọ́n ṣe fi bàálù gbé Emir Sanusi kúrò ní ìpínlẹ̀ Nasarawa Iroyin kan to tẹwa lọwọ sọ pe wọn ti gbe Emir ilu Kano tẹlẹ, Sanusi Lamido Sanusi kuro ni ipinlẹ Nasarawa lọ si ibi ti ẹnikẹni ko mọ. Iroyin naa sọ pe baalu ayara fefe ẹlikọpita ni wọn fi gbe kuro ni abule Loko ti wọn fi pamọ si lati ọjọ Aje. Wọ́n ti gbé Emir Kano tẹ́lẹ̀, Sanusi Lamido kúrò ní Nasarawa lọ síbi tẹ́nìkan kò mọ̀ Ọjọ Aje ni gomina ipinlẹ Kano rọ Emir Sanusi l'oye, ti wọn si tun le kuro nilu Kano lọ si Nasarawa. Ao ma a mu wa fun yin bi nkan ba tun ṣe n lọ. Sanusi ní òun ti gba kádàrá ṣùgbọ́n agbẹjọ́rò rẹ̀ ní àwọn ṣì lè gba ilé ẹjọ́ lọ Emir ana ilu Kano Sanusi Lamido Sanusi ni oun ti gba kadara iyọnipo to ṣẹlẹ si oun gẹgẹ bi amuwa lati ọdọ Ọlọrun. Sanusi fi ọrọ yi sita ninu fọnran fidio kan to ṣe ki o to fi afin rẹ nilu Kano silẹ lọjọ Aje. Ninu fidio naa Sanusi sọ ni ede Hausa pe ''Ọlọrun ti kọ wi pe oun yoo jẹ́ ọba Kano bẹẹ naa si ni akọsilẹ wa wi pe wọn yoo yọ oun.'' O ni ''Inu mi dun mo si dupẹ.Mo ki ẹnikẹni ti wọn ba gbe oye naa fun ku orire.",supports,yoruba,4
afrifact_data_culture_igbo_096,igbo,supports,refutes,supports,supports,nei,supports,refutes,False,True,True,False,True,False,"Osikapa bụ otu nri ga-abụ ihe kọgodu gị elu kọọ gị ala, i gote ya, ị ga-atụkwasịnwu ya ihe ọbụla were rie ya.","Osikapa bụ otu nri ọ na-abụ ego kọgodu gị elu kọọ gị ala, e nwee etu i si hụ obere ego jiri gote ya, ị ga-atụkwasịnwu ya ihe ọbụla were rie ya.",supports,igbo,3
afrifact_data_culture_hausa_010,hausa,refutes,nei,refutes,refutes,nei,nei,refutes,False,True,True,False,False,True,An haifi shehu Shagari a watan Mayu na shekarar 1960.,"An haife shi a ranar ashirin da biyar 25 ga watan Fabrairu, shekara ta alif ɗari tara da ashirin da biyar 1925 a garin , (a yau ) , ya kuma rasu ne a ranar ashirin da takwas 28 ga watan Disamba, shekara ta dubu biyu da sha takwas 2018 bayan jinya da gajeriyar rashin lafiya da yayi a wani asibiti dake",refutes,hausa,3
afrifact_data_culture_yoruba_564,yoruba,supports,supports,supports,supports,nei,supports,supports,True,True,True,False,True,True,"Ní ọdún 2006, àpapọ̀ iye enìyàn tó wà ní Àgbádárìgì jẹ́ 241,093 gẹ́gẹ́ bí ètò ìkànìyàn.","Gẹ́gẹ́bí àkọsílẹ̀ ètò ìkànìyàn ọdún 2006, àpapọ̀ iye enìyàn tó wà ní Àgbádárìgì jẹ́ 241,093.",supports,yoruba,5
afrifact_data_culture_hausa_251,hausa,supports,refutes,supports,supports,nei,supports,supports,False,True,True,False,True,True,Masanin tarihin abinci da aikin gona James C. McCann ya ba da shawarar cewa tasa shinkafar ta yaɗu tare da masarautar Mali,"Masanin tarihin abinci da aikin gona James C. McCann yayi la'akari da wannan ikirarin mai yiwuwa idan aka yi la’akari da shaharar shinkafa a cikin kwarin Niger ta sama, amma yana ganin ba zai yuwu tasa ta iya yaɗuwa daga Senegal zuwa inda take yanzu tunda ba a ganin irin wannan yaɗuwar a cikin “harshe, tsarin siyasa ko tarihi "". Maimakon haka ya ba da shawarar cewa tasa ta yaɗu tare da masarautar Mali, musamman masu sana'ar Djula waɗanda suka bazu ko'ina zuwa cibiyoyin kasuwanci da biranen yanki, tare da ɗaukar fasahar tattalin arziƙin ""ƙera, ƙaramin sikelin, da agronomy shinkafa"" gami da addini. na Musulunci.",supports,hausa,4
afrifact_data_culture_hausa_756,hausa,supports,refutes,supports,supports,nei,nei,nei,False,True,True,False,False,False,Shirin nukiliya na ƙasar irn shi ne babban dalilin da yasa Amurka ke yawan saka mata takunkumin tallalin arziƙi.,"A bara ne Mista Trump ya yi watsi da yarjejeniyar nukiliyar Iran ta kasa da kasa, kuma Amurka ta sake kakaba musu takunkuman tattalin arziki.",supports,hausa,2
afrifact_data_culture_yoruba_741,yoruba,supports,nei,supports,supports,refutes,nei,supports,False,True,True,False,False,True,"Nígbà tí Olúwọlé máa kú, gbogbo ẹran ara rẹ̀ ló fọ́nká yẹ́lẹyẹ̀lẹ.","Olúwọlé kú lọ́dún 1841 nígbà tí sísán àrá fàá tí àgbá àdó-olóró l'áàfin Ọba fi dún gbàmù. Gbogbo ẹran ara Olúwọlé ló fọ́n túká káàkiri, débi pé ilẹ̀kẹ̀ oyè rẹ̀ ní kan ni wọ́n fi dá a mọ̀.",supports,yoruba,3
afrifact_data_culture_hausa_173,hausa,supports,refutes,supports,supports,nei,nei,supports,False,True,True,False,False,True,Aminu Bello Masari ya yi kwamishina a jihar Katsina loƙacin mulkin soja daga shekarar alif 1991 zuwa 1993.,Ya riƙe muƙamin Kwamishinan ayyuka da muhalli da kuma sufuri na Jihar Katsina a tsakanin shekarar 1991 zuwa 1993 a lokacin mulkin Soja,supports,hausa,3
afrifact_data_culture_hausa_434,hausa,nei,nei,nei,nei,refutes,nei,nei,True,True,True,False,True,True,Abubakar Gumi mutun ya kasance daya daga cikin malaman Izala da ake alfahari da su.,"Gumi ya fito a matsayin shugaba mai faɗa a ji a lokacin mulkin mallaka, inda yake ganin tsarin mulkin kai tsaye ya raunana ƙarfin addini na sarakuna da kuma karfafa Turawan Yamma.",nei,hausa,5
afrifact_data_culture_yoruba_642,yoruba,supports,refutes,supports,supports,nei,supports,supports,False,True,True,False,True,True,"Bíbélì wípé gbogbo ènìyàn ló ti ṣẹ̀, tí ó sì tì kùnà ògo Ọlọ́run.",Nígbàtí májẹ̀mú títun n ṣe àmúşę ohun tí màjèmú làìlàì sọ. Bíbélì fìdí rẹ múlè pé gbogbo ènìyàn ní ó sá ti ṣè tí ó sì ti kùnà ògo Ọlọrun (Romu 3:23). Èyí ni láti sọ pe ẹlẹ́sẹ̀ ni gbogbo ọmọ adárí hurun.,supports,yoruba,4
afrifact_data_culture_hausa_167,hausa,supports,refutes,supports,supports,nei,supports,supports,False,True,True,False,True,True,Bashir Ahmad ne ya sanar da komawar Bello Matawalle zuwa jam'iyyar APC ranar 27 ga watan Yuni.,"A ranar 27 ga watan Yuni, mai taimaka wa shugaban kasa kan harkokin yada labarai Bashir Ahmad ya ce Matawalle ya koma APC.",supports,hausa,4
afrifact_data_culture_hausa_373,hausa,supports,refutes,supports,supports,nei,nei,nei,False,True,True,False,False,False,"A cikin Maguzawan Zamfara, iyalai na yin raɗin suna ga yaro ko ba a shirya ba",Ga Maguzawan da ke gundumar Kwatarkwashi ta Jihar Zamfara waɗanda ke bautar Magiro a garuruwansu na da ba su da wata tsayayyar rana wadda suke raɗa wa ‘ya’yansu suna. A al’adar waɗannan mutane ba a raɗa wa yaro suna sai lokacin da ake da damar yin sunan ko da kuwa bayan shekaru ne. A wurinsu mutum yana iya haɗa ‘ya’yansa da yawa tun daga na ɗaya ko fiye da ɗaya don ya yi masu suna a rana ɗaya.,supports,hausa,2
afrifact_data_culture_hausa_612,hausa,supports,refutes,supports,supports,refutes,supports,supports,False,True,True,False,True,True,Maguzawa na amfani da kayan al'adu don mallakar aljanu kafin zuwan musulunci.,"Ana daurawa kayan kidan wasu abubuwan al’adu daban-daban na yankin Sahel kafin zuwan Musulunci, don mallakar aljanu, kamar al’adun da Hauka na Maguzawan Hausawa, Zarma, Borori, da Songhay.",supports,hausa,4
afrifact_data_culture_igbo_224,igbo,supports,nei,supports,supports,nei,supports,nei,False,True,True,False,True,False,Dr Tedros kwuru na ụfọdụ mba enweghị ndị ọrụ doro anya.,"O kwuru na ụfọdụ mba enweghị ndị ọrụ doro anya , ụfọdụ obodo enweghị ihe ọ ga-eri, ebe mba ụfọdụ enweghị mkpebi obi ime ihe kwesịrị.""",supports,igbo,3
afrifact_data_culture_hausa_815,hausa,refutes,refutes,refutes,refutes,nei,nei,refutes,True,True,True,False,False,True,An yi hasashen cewa fitar 'yan majalisu da gwamnoni daga jam'iyyar APC na iya zama barazana ga nasarar Muhammadu Buhari a zaɓen shekarar 2015.,"Masharhanta salon siyasar Najeriya na ganin ficewar 'yan majalisa da kuma wasu gwamnonin APC, babban al'amari ne da zai iya raunata matsayin Shugaba Muhammadu Buhari a majalisar dokoki, kuma wata babbar barazana ce ga takararsa a zaben 2019.",refutes,hausa,4
afrifact_data_culture_hausa_108,hausa,supports,refutes,supports,supports,nei,supports,supports,False,True,True,False,True,True,Abba Kabir Yusuf ya dawo da Sunusi Lamido Sunusi a matsayin Sarkin Kano a watan Mayu na shekarar 2024.,"Gomnan Kano Abba Kabir Yusuf ya sake tabbatar da Sanusi Lamido Sanusi a matsayin sarkin Kano. Ayau Alhamis 23 ga watan Mayu, shekarar 2024.",supports,hausa,4
afrifact_data_culture_yoruba_486,yoruba,supports,nei,supports,supports,nei,supports,refutes,False,True,True,False,True,False,"Elike Chibuzor ni orúkọ arákùnrin tí ọwọ́ àwọn ọlọ́pàá tẹ̀, tó ní òun lòun jí ọmọ tí wọ́n ń wa gbé.","ọwọ ileesẹ ọlọpa ipinlẹ Ondo tẹ ọkunrin kan to pe orukọ ara rẹ ni Elike Chibuzor, to ni oun loun ji Gold Kọlawọle gbe lọ. Nigba to n fi idi isẹlẹ yii mulẹ fun BBC Yoruba, agbẹnusọ fun ileesẹ ọlọpa nipinlẹ Ondo, Femi Joseph salaye pe, Chibuzor lo pe ileesẹ ọlọpa naa laarọ ọjọ Ẹti pe ọdọ oun ni Gold wa, ti wọn ba si fẹ gbaa pada, ki wọn san ẹgbẹrun lọna ẹgbẹrin naira (₦800,000) fun oun. Àwọn iròyin tì ẹ leè ní ìfẹ̀ síí: Afurasi naa, to ni ilu Akure ni oun ti n pe awọn ọlọpa ọhun, lo tun fi ye wọn pe, awọn eeyan kan lo ni ki oun parọ mọ Alfa Babatunde, ti ojisẹ Ọlọrun naa ko si mọ ohunkohun nipa bi ọmọde naa se sọnu ninu ile ijọsin Sotitobire.",supports,yoruba,3
afrifact_data_culture_igbo_524,igbo,supports,nei,supports,supports,nei,supports,supports,False,True,True,False,True,True,Emmanuel Nnamdị Ụba tuuru ugo dị ka onye a họpụtara ịnọchite anya ndị ndịda Anambara na ntuli aka nke Epurel 2011.,"Emmanuel Nnamdị Uba , ma ọ bụ Andy Ụba (amụrụ ya 14 Disemba 1958), bụ onye ndọrọndọrọ ọchịchị Naịjirịa nke ahọpụtara ka Sinatọ ndị ndịda Anambara , Naịjirịa, na Epurel 2011.",supports,igbo,4
afrifact_data_culture_igbo_230,igbo,supports,refutes,supports,supports,nei,supports,supports,False,True,True,False,True,True,"Ọ bụrụ na e wepụ nkwado ndị APC, Obaseki agaghị ịbụ gọvanọ Edo steeti.","Makana e wepụ nkwado anyị, Obaseki agaraghị ịbụ gọvanọ Edo steeti"".",supports,igbo,4
afrifact_data_culture_igbo_542,igbo,supports,refutes,supports,supports,nei,nei,supports,False,True,True,False,False,True,Ọkaiwu Paul Achalla onye IPOB ekwuola na ha na-agba mbọ ka facebook weghachite akantụ onye ndụ ha.,"Paul Achalla bụ ọkaiwu na mba ofesi ma bụrụkwa onye otu Ipob ekwuola atụmatụ ha ga-agbaso iji weghachi akara Facebook onyeisi ha bụ Nnamdi Kanu. Na mkparịtaụka ya na BBC Igbo, Achalla kọwara na o nwereike ịbụ maka otu ihe maọbụ nke ọzọ ka e ji wetuo akara facebook Nnamdi Kanu, mana Facebook kwesịrị inye ya ohere ka ọ zara ọnụ ya. ",supports,igbo,3
afrifact_data_culture_igbo_198,igbo,supports,refutes,supports,supports,nei,supports,supports,False,True,True,False,True,True,Akụkọ a ma ama na-ekwu na-ekwu na onye mbụ a mara nke ọma n'Akwete bụ Dada Nwakata.,Akụkọ ọdịnala a ma ama na-ekwu na otu nwanyị aha ya bụ Dada Nwakata bụ onye mbụ a maara nke ọma na Akwete.,supports,igbo,4
afrifact_data_culture_yoruba_084,yoruba,supports,nei,supports,supports,nei,supports,nei,False,True,True,False,True,False,Baba Ginimbi àti ẹ̀gbọn rẹ̀ wà lára àwọn tí ó ṣorò níbi ìsìnkú rẹ̀.,"Baba Ginimbi ati ẹgbọn baba rẹ, Sekuru Ginimbi wa lara awọn to sọrọ nibi isinku rẹ. Ambuya to jẹ mama mama rẹ nitori mama rẹ gangan ti ku loṣu kinni ọdun to lọ, ati Amai to jẹ aburo mama rẹ naa sọrọ nini isinku rẹ. Ẹgbọn lobinrin, Tete naa wa nibẹ, Mwana, Munkuru, Mukwesha, Muroora lawọn eeyan mii to tun wa nibi isinku Kadungure.",supports,yoruba,3
afrifact_data_culture_yoruba_405,yoruba,supports,nei,supports,supports,nei,supports,nei,False,True,True,False,True,False,"Àsìkò tí ìkọlù yìí wáyé láàárín àwọn akẹ́kọ̀ọ́ FUOYE àti ọlọ́pàá ni ìyàwò Gómìnà ìpínlẹ̀ Èkìtì rìn sí, àmọ́ ìròyìn fi lélẹ̀ pé ìjàm̀bá kankan kò ṣe é.","Àwọn akẹ́kọ̀ọ́ ń fẹ̀họ́nú hàn nítorí iná ọba tó ń ṣe ségesège Awọn Alakoso ile iwe giga fasiti ijọba apapọ to wa ni Oye-Ekiti, (FUOYE) ti bu ẹnu ẹ̀tẹ́ lu ifẹhọnu han awọn akẹkọọ Ile- Iwe naa. Paapaa awọn to da rogbodiyan silẹ ni agbeegbe naa ni eyi ti o da alaafia Oye ru lasiko ọhun. Awọn akẹkọọ naa n fẹhọnu han nitori ina ijọba to n ṣe segesege ni awọn yara ikẹkọọ gbogbo to wa ni fasiti naa. Agbẹnusọ Ile-iṣẹ ọlọpaa nipinlẹ Ekiti, Caleb Ikechukwu ni awọn akẹkọọ naa fi ina si oko wọn. Wọn si tun gba ibọn awọn ọlọpaa meji, amọ, awọn akẹkọọ fẹsun kan ọlọpaa pe wọn pa akẹkọọ lasiko ifẹhọnu han, sugbọn ọlọpaa ni ko si ohun to jọ ọ. Bakan naa ni iroyin ni wi pe Iyawo Gomina Ipinlẹ Ekiti, Bisi Fayemi rin si asiko rogbodiyan yii ni. Ìròyìn ní orí ló kó ìyàwó gómìnà ìpínlẹ̀ Ekiti yọ lẹ́yìn tí ìfẹ̀họ́nú àwọn akẹ́ẹ̀kọ́ dá rògbòdìyàn sílẹ̀. Asiko naa ni wọn si ṣe ikọlu si ọkọ rẹ, to jẹ wi pe ori lo ko o yọ ninu ikọlu naa lẹyin ti awọn ọlọpaa lo ‘iṣe commando’ lati mu u kuro nibi rogbodiyan naa.",supports,yoruba,3
afrifact_data_culture_hausa_257,hausa,supports,refutes,supports,supports,nei,supports,supports,False,True,True,False,True,True,Hausa koko abu ne na yau-da-kullun a Ghana kuma ana ci da abincin gargajiya kamar ƙosai ko Akara.,"An kira shi Hausa koko saboda ra'ayin da aka kirkire shi a yankunan Arewacin Ghana. Hakanan abu ne na yau-da-kullun a cikin yankuna daban-daban a Ghana. Yawanci ana tare da furen wake na Ghana wanda ake kira ƙosai, ɗanyen garin soyayyen garin- Pinkaso ko wainar wake ta Nijeriya da ake kira Akara. ",supports,hausa,4
afrifact_data_culture_igbo_498,igbo,supports,supports,supports,supports,nei,supports,supports,True,True,True,False,True,True,"Ngozi Okonjo Iweala bụ mịnịsta na-ahụ maka ego na Nigeria, malite n’afọ 2003 rue 2006; nakwa site n’afọ 2011 rue 2015.",Ngọzị Okonjọ-Iweala rụrụ ọrụ dịka Mịnịsta na-ahụ maka ihe niile gbasara ego (Minister of Finance) na . Ọ rụrụ ọrụ mịnịsta ugboro abụọ: sitē n’afọ 2003 rue afọ 2006; sitekwa n’afọ 2011 rue 2015.,supports,igbo,5
afrifact_data_culture_igbo_476,igbo,supports,nei,supports,supports,nei,supports,supports,False,True,True,False,True,True,"Ndị mgbe gboo ji Ibini Ukpabi edozi esemokwu na nsogbu ndị dịka esemokwu ezinụlọ, igbu ọchụ, na ịta amoosu.","Eji Ibini Ukpabi dozie nsogbu, karịsịa nke igbu ọchụ, amoosu, nsị na esemokwu ezinụlọ. ",supports,igbo,4
afrifact_data_culture_yoruba_552,yoruba,supports,nei,supports,supports,nei,supports,supports,False,True,True,False,True,True,"Matthew Aremu tí a tún mọ̀ sí Olúṣẹ́gun Ọbásanjọ́ je àgbà olóṣèlú, ajagun-fẹ̀yìntì, àti ààrẹ àná ní orílẹ̀-èdè Nàìjíríà.","Matthew Àrẹ̀mú Olúṣẹ́gun Ọbásanjọ́ (tí wọ́n bí ní Ọjọ́ karùn-ún oṣù kẹta ọdún 1937) jẹ́ gbajúmọ̀ àgbà olóṣèlú, ajagun-fẹ̀yíntí àti Ààrẹ àná orílẹ̀ èdè Nàìjíríà. Orúkọ bàbá rẹ̀ ni Amos Àdìgún Ọbalúayésanjọ́ ""Obasanjo"" Bánkọ́lé, ìyá rẹ̀ sìn ń jẹ́ Àṣàbí.Ọbásanjọ́ jẹ́ ọmọ bíbí Òwu ní ìlú Abẹ́òkúta ní ìpínlẹ̀ Ògùn lórílẹ̀ èdè Nàìjíríà. Ìyá rẹ̀ kú ní ọdún 1958, bàbá rẹ̀ sìn kú bákan náà ní ọdún 1959.",supports,yoruba,4
afrifact_data_culture_igbo_806,igbo,supports,supports,supports,supports,nei,supports,nei,True,True,True,False,True,False,Mazị Sam Ohuabunwa bụ ọkaibe n'ihe gbasara mkpata na mmefu akụ . Mazị Sam Ohuabunwa kwenyere na ndị Naịjirịa ji ụgwọ nwere ike ime ka ego Naịjirịa gharazi iwe isi nke na agaghịzi enwewu ike iji ya gotelie ihe na mba ụwa.,"Mazị Sam Ohuabunwa bụ onye ihe gbasara mkpata na mmefu akụ doro anya kwenyere na ya bụ egwu Atiku na-atụ. Ọ sị na n'ezie, ndị ebitere ego nwereike ịbịa were akụ na ụba Naịjirịa, mana na-enwere ụzọ ọzọ ha ga-esi gbata ụgwọ ego ha karịrị ịnwere akụ na ụba Naịjirịa. Ọ sị na ""ha nwereike ịme ka ego Naịjirịa tipie etipie nke bụ na-ọnweghịzị ihe ọ ga-egoteli na mba ụwa. Onweghịzịkwa ndị ga-atụkwasa Naịjirịa obi maka iresi ha ihe ma ha ejighị ego"".",supports,igbo,4
afrifact_data_culture_igbo_102,igbo,supports,supports,supports,supports,nei,supports,refutes,True,True,True,False,True,False,Odogwu Afrịka chịrị Zimbabwe bido afọ 1980 ruo afọ 2017,Ya bu odogwu Afrịka chịrị Zimbabwe bido afọ 1980 ruo afọ 2017.,supports,igbo,4
afrifact_data_culture_igbo_752,igbo,supports,refutes,supports,supports,nei,nei,nei,False,True,True,False,False,False,Swizaland nọ n'ọkwa isii nke mba kachasị agba bọọlụ dịka mkpọpụta ndị FIFA si dị. Ndị mmadụ na-ele ndị Brazil ịma ma ha a ga-eme nke ọma karịa Jamini.,"Ndị FIFA kpọrọ aha Swizaland n'ọkwa isii nke ọkachasị agba bọọlụ nke afọ a, tupu Iko Mbaụwa a ebido. Anya niile dị n'ahụ Brazịl ịma ma ha a ga-eme ọfụma karịa ndị Jamini e meriri taa.",supports,igbo,2
afrifact_data_culture_igbo_423,igbo,nei,refutes,nei,supports,supports,nei,nei,False,True,False,False,True,True,Obodo ọtụtụ mmadụ bi n'ime ya na-enwe nsogbu mmiri na ebe obibi dị mma karịsịa ebe ha dị obere.,"Ruo mgbe ndị Europe rutere na Naijiria, akụ na ụba Mbaise dabeere na ọrụ ugbo",nei,igbo,3
afrifact_data_culture_yoruba_149,yoruba,refutes,refutes,refutes,supports,nei,nei,refutes,True,True,False,False,False,True,Ọlọ́run ṣe àdéhùn fún Dáúdà pé bí ó bá bímọ yóò fi ọmọ náà jọ́sìn fún òun.,"Ọdún Ìdúpẹ́-Ọòrẹ"" jẹ́ ọjọ́ ìsinmi pàtàkì nínú ẹsìn Ìsìlàámù ti àwọn ṣe àjọyọ̀ káàkiri àgbáyé láti ṣerántí àmì kàn tí wọ́n ní ìfẹ sí tí ó ń jẹ́ Ànọ́bì Ìbùrọ̀hìmù ( ( ). Oríṣiríṣi àlàyé ló wà fún ọdún yìi, lára àwọn àlàyé náà ni: Ní ọdún 1991, Sheikh Dr. Abu-Abdullah Adélabú ṣe àlàyé nípa Ọdún Iléyá ní orí Ẹ̀rọ-sọ̀rọ̀sọ̀rọ̀ Rẹ́díò Abùjá wí pé Ọdún Iléyá jẹ́ àjọ̀dún ìfi-ẹ̀mí-ìmọorè-hàn, Ọlọ́hun ní kí Ibrahim ó ṣe láti fi ẹ̀mí-ìmọ́orè hàn èyí tí ó sí fí ọmọ rẹ̀ Ishmael sílè fún ìfi ẹ̀mí-ìmọ́orè hàn sí Ọlọ́run tí ó ṣe àdéhùn fún pé bí oun Ibrahim bá bímọ nínú ogbó pé òun yóò fí ọmọ náà jọ́sín fún Ọlọ́run.",refutes,yoruba,3
afrifact_data_culture_hausa_438,hausa,supports,nei,supports,supports,nei,supports,supports,False,True,True,False,True,True,Abubakar Gumi ya yi rikici da malaman sufaye.,A farkon shekara ta 1960 an samu barkewar rikici tsakanin sa da malaman sufaye wanda daga baya rikicin ya koma muhawara a gidajen rediyo da talabijin a shekarun 1970 zuwa shekara ta 1980.,supports,hausa,4
afrifact_data_culture_igbo_774,igbo,supports,supports,supports,supports,refutes,nei,supports,True,True,True,False,False,True,Ụfọdụ ụmụ nwaanyị na-agabiga ihe mgbu ka ha na-ahụ nsọ ha. Ihe mgbu ha gụnyere mgbakasị ahụ na-ahụ ụfụ. Enwere ụzọ dị icheiche apụrụ inyere nwaanyị nsọ ya na-enye nsogbu aka.,"Nye ụfọdụ ụmụnwaanyị, mkpụrụ ụbọchị atọ ruo ise ahụ ha na-ahụ nsọ ha na-adị ka ọkụmmụọ n'ihi ihe ha na-eji anya ha ahụ. Ụfọdụ na-anọ na mgbakasị ahụ nke bụ na ị gwa ya ofu okwu ọ bakasịara gị ahị (ihe ọ naghị emekarị), ebe ụfọdụ anaghị enweta onwe ha n'ihi ụdịrị ahụ ụfụ ha na-anọ n'ime ya. Mana dịka ikwu na ibe, enyi, onye ọrụ nakwa onye ya na nwaanyị na-ahụ nsọ ya nwere mmekọ n'ụzọ dị iche iche, kedụ ihe ndị ị ga-emere ya iji nyere ọnọdụ ya aka?",supports,igbo,4
afrifact_data_culture_igbo_720,igbo,supports,nei,supports,supports,nei,supports,supports,False,True,True,False,True,True,"John Abeng bụ onyeisi ndị uweoji na Steeti Anambra ekwuola na ọ ga-enye aka ịchụpụ ndị ohi, ndịotu nzuzo na ndị ntọrị mmadụ.","Onyeisi ndị uweojii na Anambra steeti bụ John Abang ewkusiela ike na ya ga-enye aka ka Anambra steeti bụrụ kpoo na-nchekwa. O kwukwara na ha ga akpalite ""Operation Puffadder i ji chụpụ ndị otu nzuzo,ndiohi ma ọkachasị ndị ntọrị.""",supports,igbo,4
afrifact_data_culture_hausa_029,hausa,supports,refutes,supports,refutes,nei,supports,supports,False,True,False,False,True,True,An yi yaƙin basasa na Biyafara ne a loƙacin mulkin Janar Yakubu Gawon.,"A ƙarƙashin mulkin Gowon ne masu fafutukar neman ficewa daga Najeriya daga al'umman ibo ƙarkashin jagorancin shugaban su don ƙasar Biafara suka janyo yakin basasa tsakanin gwamnatin Najeriya da kuma mutanen , inda gwamnatin Gowon ɗin tafito ta yaƙesu har sai da suka miƙa wuya.",supports,hausa,3
afrifact_data_culture_hausa_006,hausa,supports,refutes,supports,supports,nei,nei,supports,False,True,True,False,False,True,Shugaban kasa Goodluck Ebele Jonathan ya sha kayi a hannun Muhammadu Buhari a zaben shekarar 2015.,"Buhari ya lashe zaɓen, inda ya kayar da shugaban ƙasa mai ci Goodluck Ebele Jonathan. Wannan shi ne karo na farko a tarihin Najeriya da shugaban ƙasa mai ci ya sha kaye a zaɓen tazarce.",supports,hausa,3
afrifact_data_culture_hausa_020,hausa,supports,refutes,supports,refutes,nei,nei,nei,False,True,False,False,False,False,An yi wa Murtala Muhammad shaidar cewa mutum ne mai son zaman lafiya.,"Murtala Muhammad ya kasan ce Bahaushe ne kuma ne, baya ga haka kuma Murtala Muhammad ya kasan ce shugaba na kowa dake cikin ƙasar Najeriya, wanda baya nuna bamban ci a tsakanin yare ko Addini ga duk mutanan ƙasar Najeriya.",supports,hausa,1
afrifact_data_culture_igbo_147,igbo,nei,supports,nei,nei,supports,nei,nei,False,True,True,False,True,True,Ndị bi na ndịda na-asụ Yoruba.,Ndị bi na ya bụ ọdịbendị Igbo dị iche iche na ndị na-asụ dị iche iche: 307 : 315,nei,igbo,4
afrifact_data_culture_igbo_254,igbo,supports,supports,supports,supports,nei,nei,supports,True,True,True,False,False,True,"Nwankwo Kanu bụkwa onye nwe igwe onyonyo nke Kanu Sports, ụlọ ọrụ igwe onyonyo egwuregwu Ịntanetị.","Ọ bụkwa onye nwe igwe onyonyo nke Kanu Sports, ụlọ ọrụ igwe onyonyo egwuregwu Ịntanetị.",supports,igbo,4
afrifact_data_culture_igbo_464,igbo,supports,nei,supports,supports,nei,supports,supports,False,True,True,False,True,True,Mahadum Trinity College dị na Dublin nke Ireland ji ihe eserese wee sọpụrụ Jaja Wachuku n'afọ 2020.,"Na Fraịde 6 Machị 2020, Trinity College Dublin nke Ireland sọpụrụ Wachuku site na ihe osise a ma ama nke e debere n'ime ụlọ ọrụ akụkọ ihe mere eme nke mahadum ahụ; ebe Wachuku gụsịrị akwụkwọ na 1944 na akara ugo mmụta mbụ na sayensị iwu",supports,igbo,4
afrifact_data_culture_hausa_419,hausa,supports,supports,supports,supports,nei,supports,supports,True,True,True,False,True,True,An haifi Ahmad al-Tijani a shekarar 1737 kuma ya kafa tsarin Tijjaniyya a cikin 1780s,"Tarihi da yaɗa oda [ | ] Tushen tsari [ | ] An haifi Ahmad al-Tijani (1737-1815) a Ain Madhi a kuma ya rasu a na . Ya yi karatun addini a Fes, Morocco. Da wahayi daga wasu waliyan Moroko ya kafa tsarin Tijjaniyya a cikin 1780s; kafofin sun bambanta dangane da ainihin kwanan wata tsakanin 1781 da 1784.",supports,hausa,5
