id,language_original,claim_original,gold_evidence_original,gold_label_original,raw_response_original,predicted_label_original,correct_original,language_translated,claim_translated,gold_evidence_translated,gold_label_translated,raw_response_translated,predicted_label_translated,correct_translated,gold_label,language,original_prediction,translated_prediction,original_correct,translated_correct,transition,original_claim_length,original_evidence_length,total_original_text_length
afrifact_data_culture_yoruba_186,yoruba,Àwọn ọmọ ẹgbẹ́ PDP fẹ̀hónúhàn nílé ẹjọ́ gíga jùlọ lórí owó ìṣúná ẹ̀ka ìdájọ́.,"Àwọn ọmọ ẹgbẹ́ PDP fẹ̀hónúhàn nílé ẹjọ́ gíga jùlọ Iru ofin wo ni wọn fi n ṣe eto owo iṣuna ẹka idajọ tẹlẹ? Ṣaaju ki Aarẹ Buhari to o pa aṣẹ naa, awọn gomina ipinlẹ lo ma n sọ iye owo ti wọn yoo fun awọn ẹka ijọba yooku, to fi mọ yiyọnda owo naa fun wọn. O ma n farahan ninu aba owo isuna ti wọn n gbe lọ siwaju awọn aṣofin ipinlẹ.",supports,supports,supports,True,yoruba,PDP members protested at the Supreme Court on the budget of the judiciary.,"PDP members spoke at the supreme court What kind of law are they making the budget of the justice department before? Before President Buhari closed the order, the state governors used to say how much money they would give to other government departments, so that they know how much money will be given to them. It often appears in the budget proposals that are being presented to state legislators.",supports,nei,nei,False,supports,yoruba,supports,nei,True,False,correct_to_wrong,85,330,415
afrifact_data_culture_yoruba_731,yoruba,"Ernest wà ní ipò láti ọjọ́ mẹ́rindínlọ́gbọ̀n, oṣù kẹjọ, ọdún 1993 títí dé ọjọ́ kẹ́tadínlógún, oṣù kọkànlá ọdún 1993 tí ó fi fẹ̀yìn tì.","Ernest Adégúnlé Oládéìǹdé Shónèkàn, ( ọjọ́ kẹẹ̀sán, oṣù Ebi ọdún1936 ní , orílẹ̀-èdè ) jẹ́ agbejọ́rò ará ilẹ̀ Nàìjíríà. Shónékà jẹ́ fún ìgbà díẹ̀ láti ọjọ mẹ́rìndínlọ́gbọ̀n, oṣù kẹ́jọ, ọdún 1993 títí dé ọjọ́ kẹtàdínlógún, oṣù kọkànlá, ọdún 1993 tí ọ̀gágun fipa gbà joba lọ́wọ́ rẹ̀.",supports,supports,supports,True,yoruba,"Ernest was in office from the twenty-sixth day of August, 1993 until the seventeenth day of November, 1993 when he retired.","Ernest Adégúnlé Oladéindé Shonekán, (9th day, month of Ebi year 1936 in , country ) is a Nigerian lawyer. Shoneka was for a short time from the twenty-sixth day of the eighth month of 1993 until the seventeenth day of the eleventh month of 1993 when the general took over from him.",supports,nei,nei,False,supports,yoruba,supports,nei,True,False,correct_to_wrong,134,281,415
afrifact_data_culture_yoruba_528,yoruba,Wizkid jẹ́ ọ̀kan lára àwọn olórin tàkásúfẹ̀ẹ́  Afro Beat tó wà ní orílẹ̀-èdè Nàìjíríà.,Orin Takasufe Afro kíkọ lọ́nà àrà Ọpọlọpọ ọmọ Naijiria lo ti gbe ògo orin Takasufe ti wọn n pe ni Afro Beats ga nile ati lẹyin odi. Wizkid jẹ ọkan lara awọn ọdọmọde olowo to bẹrẹ orin kikọ lọmọ ọdun 11 nile ijọsin Eyi tun pegede si ti orin oloogbe Fela Anikulapo Kuti to n kọ Afro Beat nigba aye rẹ ninu eyi to ti ṣadapọ orin alariwo ati takasufe papọ.,supports,supports,supports,True,yoruba,Wizkid is one of the best Afro Beat musicians in Nigeria.,Takasufe's Afro music sung in a traditional way Many Nigerians have raised the glory of Takasufe's music which they call Afro Beats at home and abroad. Wizkid is one of the rich youths who started writing music at the age of 11 in church. This is also similar to the music of the late Fela Anikulapo Kuti who was writing Afro Beat during his life in which he has mixed loud music and takasufe together.,supports,nei,nei,False,supports,yoruba,supports,nei,True,False,correct_to_wrong,103,352,455
afrifact_data_culture_yoruba_096,yoruba,"Ìrẹsì aládùn kan tí à ń fi tòmátì, àlùbọ́sà àti àwọn amóúnjẹ-ta-sánsán sè ni jọ̀lọ́ọ̀fù jẹ́.","Oúnjẹ yìí jẹ́ àdàpọ̀ ìrẹsì, tòmátì, àlùbọ́sà, àwọn èròjà amóúnjẹ-ta-sánsán, ẹ̀fọ́ àti ẹran papọ́ sínú ìkòkò kàn, pẹ̀lú èròjà, àti pé orísirísi ònà ní àwọn èèyàn ń gbà ṣe oúnjẹ yìí níbikíbi. Ìtàn àti ìpìlẹ̀ṣẹ̀ [ | ] Wọ́n tọ orírun ìrẹsì àsèpọ̀ jọ̀lọ́ọ̀fù lọsí agbègbè Sẹ̀nẹ̀gáḿbíà lábẹ ìjọba Jọ̀lọ́ọ̀fù tàbí Wọ́lọ́ọ̀fù ní ọ̀rúndún kẹrìnlá, èyí tí Sẹ̀nẹ̀gà, Gáḿbíà àti Mọriténíà máa ń dáko ìrẹsì.",supports,supports,supports,True,yoruba,"Jalofuf is a delicious rice cooked with tomatoes, onions and herbs.","This dish is a mixture of rice, tomato, onion, vegetables, herbs and meat together in a pot, with ingredients, and people cook this dish in different ways everywhere. History and background [ | ] They brought a type of mixed rice similar to the Senegalese in the region of Senegal under the kingdom of Joloofu or Wolofu in the 14th century, which Senegal, Gambia and Mauritania used to exchange rice.",supports,nei,nei,False,supports,yoruba,supports,nei,True,False,correct_to_wrong,113,394,507
afrifact_data_culture_yoruba_624,yoruba,Ìpínlẹ̀ Òndó tí a tún mọ̀ sí Sunshine State jẹ́ ọ̀kàndínlógún ìpínlẹ̀ tí àwọn èèyàn pọ̀ jùlọ lórílẹ̀-èdè.,"Ondo state Tí orúkọ ìnagijẹ rẹ̀ njẹ́ ""Sunshine State"", Ondo jé ọ̀kàndìnlógún Ìpínlẹ̀ tí ó pọ̀ jùlọ ní orílẹ̀ èdè , tí ó sì jẹ́ ìpínlẹ̀ karùndínlọ́gbọ̀n tó fẹ̀ jùlọ gẹ́gẹ́ bí ìwọ̀n ilẹ̀ gbígbà.",supports,supports,supports,True,yoruba,"Ondo State, also known as the Sunshine State, is the 19th most populous state in the country.","Ondo state Nicknamed ""Sunshine State"", Ondo is the 11th largest state in the country and the 25th largest state in terms of land area.",supports,nei,nei,False,supports,yoruba,supports,nei,True,False,correct_to_wrong,105,192,297
afrifact_data_culture_yoruba_719,yoruba,"Nígbà ìbárà yìí,  àwọn láàárín Ìjẹ̀bú máa gbé oúnjẹ wá láti gba iyọ̀. ","Bàbá Kutere jẹ́ ní Ìpínlẹ̀ Èkó nígbà àwọn ọdún 1700s. Nígbà tí Kutere wà lórí oyè, ìbárà láàrin Èkó àti and Ijebu wọ́pọ̀ si, àwọn Ìjẹ̀bú gbé oúnjẹ wá láti gba iyọ̀, tobacco, spirits, àti àwọn ìkan míràn tí àwọn",supports,supports,supports,True,yoruba,"During this time, the people of Ijebu will bring food to get salt.","Kutere's father was in Lagos State during the 1700s. When Kutere was in power, the friendship between Lagos and Ijebu increased, the Ijebu people brought food to get salt, tobacco, spirits, and other things that they",supports,nei,nei,False,supports,yoruba,supports,nei,True,False,correct_to_wrong,70,210,280
afrifact_data_culture_yoruba_168,yoruba,"Agbábọ́ọ̀lù ọwọ́ ẹ̀yìn ni Táyé Taiwò, ó sì gbá bọ́ọ̀lù fún ikọ̀ orílẹ̀-èdè Nigeria."," International. Wọ́n ra Taiwo wá si ìpele Nigeria Premier League, sínú ẹgbẹ́ agbábọ́ọ̀lù Lobi Stars. Níbi tí ó tún ti lo ọdún kan . Olympique de Marseille [ | ] Ní ọdún 2005, nígbà tí ó pé ọmọ ogún ọdún, ẹgbẹ́ agbábọ́ọ̀lù ilẹ̀ Faranse kan ti o n je Olympique de Marseille gba Taiwo sinu iko won. Won ra Taiwo lati le ropo ogbeni Bixente Lizarazu ti o ti lo sinu egbe agbaboolu Bayern Munich. Taiwo lo gba boolu ti iko re Olympic Marseille fi jawe olubori",supports,supports,supports,True,yoruba,"Táyé Taiwò is a back-handed footballer, and he plays for the Nigerian national team.","International. They bought Taiwo to the Nigerian Premier League, into the Lobi Stars football team. Where he also spent a year. Olympique de Marseille [| ] In 2005, when he was 20 years old, a French football club called Olympique de Marseille took Taiwo into their possession. They bought Taiwo in order to replace Mr. Bixente Lizarazu who has gone to the Bayern Munich soccer team. Taiwo took the ball and Olympic Marseille became the winner",supports,nei,nei,False,supports,yoruba,supports,nei,True,False,correct_to_wrong,97,454,551
afrifact_data_culture_yoruba_756,yoruba,"Ní àwọn orílẹ̀-èdè kọ̀ọ̀kan tí wọ́n máa ń din ọ̀gẹ̀dẹ̀, wọ́n máa ń ya àwọn ọ̀gẹ̀dẹ̀ yìí sọ́tọ̀ sí èyí tó wà fún jíjẹ.","Ní àwọn orílẹ̀-èdè mìíràn, wọ́n máa ń dín ọ̀gẹ̀dẹ̀, wọ́n sì máa ń yà wọ́n sọ́tọ̀ sí èyí tó wà fún jíjẹ. Èso náà máa ń wà ní oríṣiríṣi ìwọ̀n, àwọ̀ àti ìrísí, àmọ́, ó máa ń gùn tó sì máa ń rí ṣọnṣọ, pẹ̀lú ara tó rọ̀.",supports,supports,supports,True,yoruba,"In each country where bananas are fried, these bananas are separated from those that are for eating.","In other countries, bananas are cut and separated into edible ones. The fruit comes in different sizes, colors and shapes, but it is long and beautiful, with a soft body.",supports,nei,nei,False,supports,yoruba,supports,nei,True,False,correct_to_wrong,117,214,331
afrifact_data_culture_yoruba_180,yoruba,"Nínú ìgbàgbọ́ àwọn Yorùbá, wọ́n nígbàgbọ́ pé Olókun ni ìyá Ajé","Àwọn Yorùbá gbà gbọ́ pé Olókun ní ó bí Aje, èyí tí ó jẹ́ Òrìsà fún Ọrọ̀, Ọlá, tí ó wà ní ìsàlẹ̀ òkun. Olókun jẹ́ òrìsà tí ó ń darí àwọn ohun tí ó wà lábé Omi òkun, Ó sí jẹ́ òrìsà tí ó lágbára jù gbogbo ohùn tí ó wà lábé Omi òkun tàbí àwọn òrìṣà kékéèèké tí ó wà lábé Omi òkun. Olókun jẹ́ Òrìsà nlá tí wọn máa ń gbórínyìn fún nípa bí ó ti lágbára láti fún àwọn olúsín rẹ ní Owó, Ọlá, Ọrọ̀, àti àṣeyọrí nígbà tí wọn bá kìí tán. ",supports,supports,supports,True,yoruba,"In the faith of the Yoruba people, they believe that Olokun is the mother of Ajé","The Yorubas believe that Olokun gave birth to Aje, which is the God of Wealth, Ola, who is at the bottom of the sea. Olokun is the god who controls the things under the sea, and he is the god who is stronger than all the voices under the sea or the small gods who are under the sea. Olokun is a great God who is praised for his ability to give his worshipers Money, Honor, Wealth, and success when they are not finished.",supports,refutes,refutes,False,supports,yoruba,supports,refutes,True,False,correct_to_wrong,76,426,502
afrifact_data_culture_yoruba_358,yoruba,"Àjọ ìṣọ̀kan àgbáyé sì ti kéde pé tí gbogbo àwùjọ àgbáyé bá ń fún ọmọ lọ́yàn, èyí lè doola ẹ̀mí tó tó ẹgbẹ̀rún lọ́nà ẹgbẹ̀rin.","Ẹ mase feti si awọn apọnpo nipa ifọmọ lọyan, gbogbo igba naa kọ lo rọrun lati fun ọmọ lọyan Ajọ isọkan agbaye si ti kede pe ti gbogbo awujọ agbaye ba n fun ọmọ lọyan, eyi lee doola ẹmi to to ẹgbẹrun lọna ẹgbẹrin. Ọpọ iyalọmọ lo maa n gbaradi lasiko ti wọn loyun lati fun ọmọ wọn lọyan, sugbọn o se ni laanu pe ọpọ wọn ni ko ni oye to nipa bo se yẹ ki wọn fun ọmọ ni ọyan, ko si mu amuyo. Àwọn iròyin tì ẹ leè ní ìfẹ̀ síí: Fifun ọmọ lọyan: Ireti ati otitọ ohun to n sẹlẹ Ọpọ ọmọ ni ebi maa n pa, ti yoo si maa sunkun lasiko to ba n mu ọyan, iya rẹ yoo ro pe ko fẹ gba ọyan ni laimọ pe ọyan naa ko se omi sẹnu ọmọ ọhun. Igba tiru iyalọmọ bẹẹ ba si de ile iwosan, nitori ori ọyan rẹ to ti bẹ, ti wọn ba tẹ ọyan rẹ fun omi, ni ẹjẹ yoo maa jade dipo omi ọyan.",supports,supports,supports,True,yoruba,"The United Nations has announced that if the entire world community donates a child, this can save thousands of lives in eight hundred ways.","Don't listen to the myths about breastfeeding, it's not always easy to breastfeed and the World Organization has announced that if the entire world community breastfeeds, this could save thousands of lives. Many pregnant women are preparing to breastfeed their children, but unfortunately, many of them do not have enough knowledge about how to breastfeed their children, and do not take it seriously. Stories that make you love more: Breastfeeding: Hope and the truth of what is happening Many children are hungry, and will cry when breastfeeding, your mother will think that she does not want to breastfeed, not knowing that the breast does not put water in the baby's mouth. When such a miscarriage comes to the hospital, because your breasts are so large, if they press your breasts for water, blood will come out instead of breast milk.",supports,refutes,refutes,False,supports,yoruba,supports,refutes,True,False,correct_to_wrong,151,754,905
afrifact_data_culture_yoruba_555,yoruba,Gaàrí funfun àti Gaàrí yẹ́lò jẹ́ oríṣi Gaàrí méjì tó wà ní ìwọ̀ oòrùn orílẹ̀-èdè Nàìjíríà.,"Ní ìwọ̀-oòrùn , oríṣi gaari méjì ni ó wà, àwọn náà ni gaàrí funfun yẹ́lò. Gaàrí yẹ́lò jẹ́ èyí tí wọ́n fi epo pupa sí nígbà tí wọ́n bá ń yan án. Orílẹ̀-èdè àti ni a ti le rí funfun àti yẹ́lò. Irúfẹ́ Gaàrí funfun kan ni wọ́n ń pè ní Gaàrí-Ìjẹ̀bú . Èyí tí wọ́n máa ń ṣe ní ilẹ̀ lọ́dọ̀ àwọn ará ní orílẹ̀-èdè .",supports,supports,supports,True,yoruba,White sugar and brown sugar are two types of sugar found in western Nigeria.,"In the west, there are two types of sugar, and they are white sugar. Gaari is the one to which red oil is added when they are baking it. Country and can be seen white and used. A type of white sugar is called Gaari-Ijebu. What they used to do in the land with the brothers in the country.",supports,nei,nei,False,supports,yoruba,supports,nei,True,False,correct_to_wrong,100,306,406
afrifact_data_culture_yoruba_765,yoruba,"Yàtọ́ sí oha tí jẹ́ orúkọ ọbẹ̀ náà, ó tún ní àwọn orúkọ oríṣi méjì tí wọ́n tún pe ọbẹ̀ náà. Àwọn ni, uha tabi ọbẹ̀ ora.","Àwọn orúkọ mìíràn tí wọ́n tún ń pe ọbẹ̀ náà ni uha àti ọbẹ̀ ora. Àwọn Oúnjẹ tí ẹ le fi jẹ Oha [ | ] Ọbẹ̀ oha/Uha dára jù lọ pẹ̀lú fùfú. Iyán, sẹ̀mó, ọlá àti ẹ̀bà gbogbo àwọn wọ̀nyí náà ni wọ́n dára pẹ̀lú ọbẹ̀ oha.",supports,supports,supports,True,yoruba,"Apart from oha which is the name of the soup, it also has two different names that are also called the soup. They are, uha or sobe ora.","Other names that they call the soup are uha and ora soup. Foods that you can eat Oha [ | ] Uha/Uha soup is best with fufu. Desire, semo, honor and fear all these are good with oha soup.",supports,nei,nei,False,supports,yoruba,supports,nei,True,False,correct_to_wrong,126,213,339
afrifact_data_culture_yoruba_348,yoruba,"Ìjínigbé àti ìwà ọ̀daràn ń pọ̀ si ní ìpínlẹ̀ Oǹdó, pàápàá jùlọ ní ìlú Ọ̀wọ̀.","Ọ̀pọ̀lọ̀pọ̀ ìgbà ni ìjínigbé ti wáyé ní ojú ọ̀nà ìlú Ọ̀wọ̀ sí Ìkàrẹ́-Àkókó. Alukoro fun ileeṣẹ ọlọpa nipinlẹ Ondo, Fẹmi Joseph sọ fun akọroyin BBC Yoruba, pe eniyan mẹta ni awọn ti wọn ji gbe lootọ, ṣugbọn ''ileeṣẹ ọlọpaa ko ti i le sọ boya Fulani lo ji wọn gbe nitori pe a ko ti i ri wọn'' tako iroyin to jade pe awọn fulani daran-daran lo ji wọn gbe. Bakan naa lo sọ ijinigbe ati iwa ọdaran gbogbo kiiṣe ọrọ ẹya tabi ẹsin. Ile isẹ ọlọpaa n gbe Ọrẹkunrin Khadijat rẹlẹ ẹjọ ni Ọjọ Aje ""Ọwọ wa tẹ awọn afurasi ajinigbe mẹjọ ni bi ọsẹ meji sẹyin, ko si si ẹya Fulani kankan lara wọn. Awọn mẹjọ naa si ti wa ni ihamọ nitori ọrọ wọn ti de ile ẹjọ."" Gẹgẹ bi ohun ti Joseph sọ, ọkan lara awọn mẹta ti wọn ji gbe jẹ olukọ ni ileewe gbogbonise Rufus Giwa to wa ni ilu Ọwọ nipinlẹ Ondo. Ọna to lọ si ilu Ipele nitosi Ọwọ ni wọn ti ji olukọ naa gbe.",supports,supports,supports,True,yoruba,"Kidnapping and crime are increasing in Ondo state, especially in the town of Owo.","There have been several kidnappings on the road from Owo to Ikare-Akoko. The head of the police station in Ondo state, Femi Joseph, told the BBC Yoruba reporter, that three people were actually abducted, but ""the police station has not been able to say whether they were abducted by the Fulani because we have not seen them"". He also said that kidnapping and all crimes are not a matter of ethnicity or religion. Khadijat's boyfriend is being prosecuted by the police on Monday ""We arrested eight kidnap suspects about two weeks ago, and there was no Fulani tribe among them. The eight are in custody because their case has reached the court."" According to Joseph, one of the three abducted is a teacher at Rufus Giwa public school in Owo town in Ondo state. The teacher was kidnapped on the way to Ipele town near Owo.",supports,nei,nei,False,supports,yoruba,supports,nei,True,False,correct_to_wrong,97,839,936
afrifact_data_culture_yoruba_246,yoruba,Ìlú Àkókó jẹ́ ìlú kan tí ó kalẹ̀ sí agbègbè Àríwá àti Ìlà oòrùn ìpínlẹ̀ Oǹdó.," Ìkàrẹ́-Àkókó ni olú ilé ịṣẹ́ ìjọba ìbílẹ̀ wà. Ìlú náà sì tó iye ọgọ́rùn ún kìlọ́mítà (100 km) sí ìlú tí ó jẹ́ olú ìlú fún gbogbo lápapọ̀. Àkókó wà ní agbede-méjì àríwá àti ìlà oòrùn Ìpínlè Ondó.̀ Ohun tí wọ́n fi ń ṣọrọ̀ ajé ní ìlú Ìkàrẹ́ ni ǹkan ọ̀gbìn bíi: , , àti bẹ́ẹ̀ bẹ́ẹ̀ lọ. ",supports,supports,supports,True,yoruba,Ilu Akkoko is a city located in the North and East region of Ondo state.,"Ikare-Akoko is the head of the local government office. And the city is about a hundred kilometers (100 km) from the city that is the capital for all. Time is in the middle-both north and east of Ondo State. What they are doing business in Ikare town are agricultural things like: , , and so on.",supports,nei,nei,False,supports,yoruba,supports,nei,True,False,correct_to_wrong,101,283,384
afrifact_data_culture_yoruba_501,yoruba,"Sheik Muideen Ajani Bello ló wàásù níbí ìsìnkú Ajimobi, tí ó sì gbóríyìn fún Ajimobi gẹ́gẹ́ bí ẹni tí ó bẹ̀rù Ọlọ́run, tí ó sì rọ gbogbo ènìyàn láti ronúpìwàdà, bẹ́ẹ̀ sì ni ó gbàdúrà pé kí Ọlọ́run san án fun gẹ́gẹ́ bí iṣẹ́ ọwọ́ rẹ̀.","Bakan naa, Sheik Muideen Ajani Bello, tii se oniwaasi agbaye to se waasi nibi akanse eto adura naa ni ijoko adura naa ti to fun waasi nikan. Bello ni ""ọpọ awọn fọnran aworan ti Ajimobi ti sọrọ silẹ nigba aye rẹ fihan pe, oloogbe naa kii se eeyan lasan, wolii Ọlọrun ni. Gbogbo ohun ti kaluku wa ba n se ni ka yipada, abi, ta a ni sọ."" O wa gbadura pe ki Ọlọrun kẹ Ajimọbi, ko gẹ ẹ, ko si san gbogbo laada to yẹ ko duro jẹ fun ninu saare. ""Iya ni ọpọ eeyan ti ko yin Ajimobi loju aye rẹ, amọ ti wọn n yin lẹyin to ku tan yoo jẹ niwaju Ọlọrun, nitori igba to wa laye lo yẹ ki wsn sọ daada nipa rẹ.""",supports,supports,supports,True,yoruba,"Sheik Muideen Ajani Bello preached at Ajimobi's funeral, and praised Ajimobi as a God-fearing person, and urged everyone to repent, and prayed that God would reward him according to his handiwork.","Similarly, Sheik Muideen Ajani Bello, who is the world's leading preacher who preached at the prayer program project, has only given a sermon at the prayer seat. Bello said ""many pictures of Ajimobi who spoke during his life show that the deceased is not just a person, he is a prophet of God. Everything that each one of us is doing will change, or not, who will say."" He came and prayed that God would forgive Ajimobi, not punish him, and not pay all the compensation that he should not wait for in saare. ""Mother, there are many people who did not praise Ajimobi in his life, but those who praise him after his death will be before God, because while he is alive, they should speak well of him.""",supports,nei,nei,False,supports,yoruba,supports,nei,True,False,correct_to_wrong,255,596,851
afrifact_data_culture_yoruba_672,yoruba,Ìpínlẹ̀ Èkìtì tí ó wà ní apá ìwọ̀ oòrùn jẹ́ ìdásílẹ̀ pẹ̀lú àwọn ìpínlẹ̀ tuntun márùn-ún mìíràn.,"Ìpínlẹ̀ Èkìtì jẹ́ ní apá ìwọ̀ oòrùn tí ó jẹ́ dídásílẹ̀ ní ọjọ́ kìíní oṣù ọwàwà, pẹ̀lú àwọn ìpínlẹ̀ tuntun márùn-rún mìíràn látọwọ́ ọ̀gágun . Èkìtì ti jẹ́ ìpínlẹ̀ olómìnira kí àwọn òyìnbó tó dé.",supports,supports,supports,True,yoruba,The western state of Ekiti was created along with five other new states.,"Ekiti State is in the western part which was established on the first day of the month of Owawa, along with five hundred other new states by the general. Ekiti had been an independent state before the arrival of the Africans.",supports,refutes,refutes,False,supports,yoruba,supports,refutes,True,False,correct_to_wrong,95,193,288
afrifact_data_culture_yoruba_249,yoruba,Ilé ìwé Girama Badagry Grammar School ni wọ́n ti ṣe ayẹyẹ Àgbádá-rìgì tó kọjá.,"Àjọ̀dún tí wọ́n ṣe kẹ́yìn wáyé nínú ọgb̀a ilé ìwẹ́ girama ìlú náà ìyẹn (Badagry Grammar School), Badagry, , Nàìjíríà. Ìtàn òwò ẹrú nílu Àgbádá-rìgì [ | ] Orúkọ tí ìlú náà ń jẹ́ lónìí (Badagry) ni wọ́n fà yọ láti inú iṣẹ́ àwọn ènìyàn ìlú náà. Lára iṣẹ́ náà ni: iyọ̀ ṣíṣe, ẹja pípa, iṣẹ́ àgbẹ̀. Bákan náà, àwọn mìíràn gbà wípé ìlú náà ni wọ́n fi sọrí ẹnìkan tí ó ń jẹ́ Agbedeh, ẹni tị ó jẹ́ gbajú-gbajà àgbẹ̀ nílu náà tí orúkọ oko rẹ̀ ń jẹ́ Àgbádá-rìgì, tí àwọn Èèbó amúnisìn padà yí sí (Badagry).",supports,supports,supports,True,yoruba,Badagry Grammar School has been celebrating the last Aggada-rigi.,"The last celebration took place in the garden of the town's Grammar School (Badagry Grammar School), Badagry, , Nigeria. The story of the slave trade in Agbadá-rigì [ | ] The name of the city today (Badagry) was taken from the work of the people of the city. Among the jobs are: making salt, fishing, farming. Also, others believe that the town was named after a person named Agbedeh, who was a famous farmer in the town whose farm was called Agbada-rigi, which the colonialists changed to (Badagry).",supports,nei,nei,False,supports,yoruba,supports,nei,True,False,correct_to_wrong,88,495,583
afrifact_data_culture_yoruba_486,yoruba,"Elike Chibuzor ni orúkọ arákùnrin tí ọwọ́ àwọn ọlọ́pàá tẹ̀, tó ní òun lòun jí ọmọ tí wọ́n ń wa gbé.","ọwọ ileesẹ ọlọpa ipinlẹ Ondo tẹ ọkunrin kan to pe orukọ ara rẹ ni Elike Chibuzor, to ni oun loun ji Gold Kọlawọle gbe lọ. Nigba to n fi idi isẹlẹ yii mulẹ fun BBC Yoruba, agbẹnusọ fun ileesẹ ọlọpa nipinlẹ Ondo, Femi Joseph salaye pe, Chibuzor lo pe ileesẹ ọlọpa naa laarọ ọjọ Ẹti pe ọdọ oun ni Gold wa, ti wọn ba si fẹ gbaa pada, ki wọn san ẹgbẹrun lọna ẹgbẹrin naira (₦800,000) fun oun. Àwọn iròyin tì ẹ leè ní ìfẹ̀ síí: Afurasi naa, to ni ilu Akure ni oun ti n pe awọn ọlọpa ọhun, lo tun fi ye wọn pe, awọn eeyan kan lo ni ki oun parọ mọ Alfa Babatunde, ti ojisẹ Ọlọrun naa ko si mọ ohunkohun nipa bi ọmọde naa se sọnu ninu ile ijọsin Sotitobire.",supports,supports,supports,True,yoruba,"Elike Chibuzor is the name of the brother who was arrested by the police, who said he stole the child they were looking for.","The Ondo State Police arrested a man who identified himself as Elike Chibuzor, who allegedly stole Gold from Kolalazy. While confirming this incident to BBC Yoruba, the spokesperson for the police station in Ondo state, Femi Joseph explained that, Chibuzor called the police station on the morning of Eti and said that he is our Gold, and if they want to return him, they should pay him one thousand eight hundred naira (₦800,000). The news made you want more: The suspect, when he was in Akure town, he was calling the police, he also told them that some people told him to lie to Alfa Babatunde, and the messenger of God did not know anything about how the child disappeared in Sotitobire church.",supports,refutes,refutes,False,supports,yoruba,supports,refutes,True,False,correct_to_wrong,114,648,762
afrifact_data_culture_yoruba_084,yoruba,Baba Ginimbi àti ẹ̀gbọn rẹ̀ wà lára àwọn tí ó ṣorò níbi ìsìnkú rẹ̀.,"Baba Ginimbi ati ẹgbọn baba rẹ, Sekuru Ginimbi wa lara awọn to sọrọ nibi isinku rẹ. Ambuya to jẹ mama mama rẹ nitori mama rẹ gangan ti ku loṣu kinni ọdun to lọ, ati Amai to jẹ aburo mama rẹ naa sọrọ nini isinku rẹ. Ẹgbọn lobinrin, Tete naa wa nibẹ, Mwana, Munkuru, Mukwesha, Muroora lawọn eeyan mii to tun wa nibi isinku Kadungure.",supports,supports,supports,True,yoruba,Ginimbi's father and his brother were among those who attended his funeral.,"Ginimbi's father and his uncle, Sekuru Ginimbi were among those who spoke at his funeral. Ambuya who is his mother's mother because his mother actually died in January last year, and Amai who is his mother's uncle spoke about her funeral. The elder sister, Tete was there, Mwana, Munkuru, Mukwesha, Muroora and others who were also at the Kadungure burial.",supports,nei,nei,False,supports,yoruba,supports,nei,True,False,correct_to_wrong,78,331,409
afrifact_data_culture_yoruba_405,yoruba,"Àsìkò tí ìkọlù yìí wáyé láàárín àwọn akẹ́kọ̀ọ́ FUOYE àti ọlọ́pàá ni ìyàwò Gómìnà ìpínlẹ̀ Èkìtì rìn sí, àmọ́ ìròyìn fi lélẹ̀ pé ìjàm̀bá kankan kò ṣe é.","Àwọn akẹ́kọ̀ọ́ ń fẹ̀họ́nú hàn nítorí iná ọba tó ń ṣe ségesège Awọn Alakoso ile iwe giga fasiti ijọba apapọ to wa ni Oye-Ekiti, (FUOYE) ti bu ẹnu ẹ̀tẹ́ lu ifẹhọnu han awọn akẹkọọ Ile- Iwe naa. Paapaa awọn to da rogbodiyan silẹ ni agbeegbe naa ni eyi ti o da alaafia Oye ru lasiko ọhun. Awọn akẹkọọ naa n fẹhọnu han nitori ina ijọba to n ṣe segesege ni awọn yara ikẹkọọ gbogbo to wa ni fasiti naa. Agbẹnusọ Ile-iṣẹ ọlọpaa nipinlẹ Ekiti, Caleb Ikechukwu ni awọn akẹkọọ naa fi ina si oko wọn. Wọn si tun gba ibọn awọn ọlọpaa meji, amọ, awọn akẹkọọ fẹsun kan ọlọpaa pe wọn pa akẹkọọ lasiko ifẹhọnu han, sugbọn ọlọpaa ni ko si ohun to jọ ọ. Bakan naa ni iroyin ni wi pe Iyawo Gomina Ipinlẹ Ekiti, Bisi Fayemi rin si asiko rogbodiyan yii ni. Ìròyìn ní orí ló kó ìyàwó gómìnà ìpínlẹ̀ Ekiti yọ lẹ́yìn tí ìfẹ̀họ́nú àwọn akẹ́ẹ̀kọ́ dá rògbòdìyàn sílẹ̀. Asiko naa ni wọn si ṣe ikọlu si ọkọ rẹ, to jẹ wi pe ori lo ko o yọ ninu ikọlu naa lẹyin ti awọn ọlọpaa lo ‘iṣe commando’ lati mu u kuro nibi rogbodiyan naa.",supports,supports,supports,True,yoruba,"At the time of this attack between the students of FUOYE and the police, the governor of Ekiti state went to visit, but reports say that there was no accident.","Students are protesting because of the fire that is causing havoc. Even those who created conflict in the region are the ones who disturb the peace of Oye at the moment. The students are protesting because of the government fire that is causing havoc in all the study rooms in the university. Ekiti State Police Spokesperson, Caleb Ikechukwu said the students set fire to their farm. They also shot two police officers, but the students accused the police that they killed the students while they were kissing, but the police said there was nothing like it. It is also reported that the wife of the Governor of Ekiti State, Bisi Fayemi went to this time of conflict. It was reported that the wife of the governor of Ekiti state was fired after the students' protest created a conflict. At that time, they attacked her husband, it is said that he survived the attack after the police used 'commando action' to take him away from the conflict.",supports,nei,nei,False,supports,yoruba,supports,nei,True,False,correct_to_wrong,192,997,1189
