id,language_original,claim_original,gold_evidence_original,gold_label_original,raw_response_original,predicted_label_original,correct_original,language_translated,claim_translated,gold_evidence_translated,gold_label_translated,raw_response_translated,predicted_label_translated,correct_translated,gold_label,language,original_prediction,translated_prediction,original_correct,translated_correct,transition
afrifact_data_culture_hausa_389,hausa,"Ango a al'adar Hausawa yana da alhakin siyan kayan lefe kafin aure, sannan kayan ana kai su gidan amarya ta hannun mata.","Al'adar Hausawa ce inda ango ke siyan kayan amfani masu kyau da tsada a matsayin wata babbar kyauta da zai bawa amaryarsa. Wadannan kyaututtukan ango na gama sayen sune kafin Auren shi, bayan sun gama kammaluwa, sai iyayen Ango kama daga Inna, Gwaggonninsa da sauran su, mata ne suke kai kayan gidan Amarya, Ita kuma Amarya sai iyayen ta mata su karba kayan su dan ba iyayen Ango abinci da dan tukuici. ",supports,supports,supports,True,hausa,"In Hausa culture, the groom is responsible for buying lepe clothes before the wedding, and the clothes are taken to the bride's house by the women.","It is a Hausa tradition where the groom buys beautiful and expensive items as a great gift to his bride. These gifts that the groom buys are before the wedding, after they have finished, the groom's parents, including his mother, his puppets and others, are the women who take the things to the bride's house.",supports,nei,nei,False,supports,hausa,supports,nei,True,False,correct_to_wrong
afrifact_data_culture_igbo_173,igbo,Otu onye bi n'Anambra kwuru na ọ ruola afọ iri mmiri gbadebere na mpaghara ya.,Otu onye bi Enugwu sị na o ruola afọ iri mmiri gbadebere na mpaghara ya bi n'Enugwu.,refutes,refutes,refutes,True,igbo,A resident of Anambra said that it has been 10 years of rain in his area.,A resident of Enugu said that it has been 10 years since he lived in Enugu.,refutes,nei,nei,False,refutes,igbo,refutes,nei,True,False,correct_to_wrong
afrifact_data_culture_yoruba_186,yoruba,Àwọn ọmọ ẹgbẹ́ PDP fẹ̀hónúhàn nílé ẹjọ́ gíga jùlọ lórí owó ìṣúná ẹ̀ka ìdájọ́.,"Àwọn ọmọ ẹgbẹ́ PDP fẹ̀hónúhàn nílé ẹjọ́ gíga jùlọ Iru ofin wo ni wọn fi n ṣe eto owo iṣuna ẹka idajọ tẹlẹ? Ṣaaju ki Aarẹ Buhari to o pa aṣẹ naa, awọn gomina ipinlẹ lo ma n sọ iye owo ti wọn yoo fun awọn ẹka ijọba yooku, to fi mọ yiyọnda owo naa fun wọn. O ma n farahan ninu aba owo isuna ti wọn n gbe lọ siwaju awọn aṣofin ipinlẹ.",supports,supports,supports,True,yoruba,PDP members protested at the Supreme Court on the budget of the judiciary.,"PDP members spoke at the supreme court What kind of law are they making the budget of the justice department before? Before President Buhari closed the order, the state governors used to say how much money they would give to other government departments, so that they know how much money will be given to them. It often appears in the budget proposals that are being presented to state legislators.",supports,nei,nei,False,supports,yoruba,supports,nei,True,False,correct_to_wrong
afrifact_data_culture_yoruba_731,yoruba,"Ernest wà ní ipò láti ọjọ́ mẹ́rindínlọ́gbọ̀n, oṣù kẹjọ, ọdún 1993 títí dé ọjọ́ kẹ́tadínlógún, oṣù kọkànlá ọdún 1993 tí ó fi fẹ̀yìn tì.","Ernest Adégúnlé Oládéìǹdé Shónèkàn, ( ọjọ́ kẹẹ̀sán, oṣù Ebi ọdún1936 ní , orílẹ̀-èdè ) jẹ́ agbejọ́rò ará ilẹ̀ Nàìjíríà. Shónékà jẹ́ fún ìgbà díẹ̀ láti ọjọ mẹ́rìndínlọ́gbọ̀n, oṣù kẹ́jọ, ọdún 1993 títí dé ọjọ́ kẹtàdínlógún, oṣù kọkànlá, ọdún 1993 tí ọ̀gágun fipa gbà joba lọ́wọ́ rẹ̀.",supports,supports,supports,True,yoruba,"Ernest was in office from the twenty-sixth day of August, 1993 until the seventeenth day of November, 1993 when he retired.","Ernest Adégúnlé Oladéindé Shonekán, (9th day, month of Ebi year 1936 in , country ) is a Nigerian lawyer. Shoneka was for a short time from the twenty-sixth day of the eighth month of 1993 until the seventeenth day of the eleventh month of 1993 when the general took over from him.",supports,nei,nei,False,supports,yoruba,supports,nei,True,False,correct_to_wrong
afrifact_data_culture_yoruba_528,yoruba,Wizkid jẹ́ ọ̀kan lára àwọn olórin tàkásúfẹ̀ẹ́  Afro Beat tó wà ní orílẹ̀-èdè Nàìjíríà.,Orin Takasufe Afro kíkọ lọ́nà àrà Ọpọlọpọ ọmọ Naijiria lo ti gbe ògo orin Takasufe ti wọn n pe ni Afro Beats ga nile ati lẹyin odi. Wizkid jẹ ọkan lara awọn ọdọmọde olowo to bẹrẹ orin kikọ lọmọ ọdun 11 nile ijọsin Eyi tun pegede si ti orin oloogbe Fela Anikulapo Kuti to n kọ Afro Beat nigba aye rẹ ninu eyi to ti ṣadapọ orin alariwo ati takasufe papọ.,supports,supports,supports,True,yoruba,Wizkid is one of the best Afro Beat musicians in Nigeria.,Takasufe's Afro music sung in a traditional way Many Nigerians have raised the glory of Takasufe's music which they call Afro Beats at home and abroad. Wizkid is one of the rich youths who started writing music at the age of 11 in church. This is also similar to the music of the late Fela Anikulapo Kuti who was writing Afro Beat during his life in which he has mixed loud music and takasufe together.,supports,nei,nei,False,supports,yoruba,supports,nei,True,False,correct_to_wrong
afrifact_data_culture_igbo_624,igbo,Mmadụ iri asaa na asatọ nọ n'ime ụgbọelu Sibera Airlines si obodo Tel Aviv aga obodo Novobirsk Rọshịa nwụrụ ka ugbọelu ha dabara n'oshimiri ojii. Ndị agha Ukren gọrọ na aka ha adịghị ya mechaa kweta na aka ha dị na ya.,"Otu ụgbọelu Siberia Airlines plane si obodo Tel Aviv dị na Esrel aga obodo Novosibirsk, dị na Rọshia oge agbaturu ya. Ụgbọelu a dabara n'ime oshimiri ojii. Mmadụ 78 nọ n'ime ya nwụrụ. Ndị agha Ukren kwuburu na aka ha adịghị ya mana ha mechara kwenyere na ọ bụ ha. Ha sị na ọ bụ ka a na-akuziri ndị agha ka ihe mere.",supports,supports,supports,True,igbo,"Seventy-eight people on board a Sibera Airlines flight from Tel Aviv to Novobirsk, Russia died when their plane crashed into the Black River. The Ukrainian military denied that they had anything to do with it and later admitted that they did.","A Siberia Airlines plane was flying from Tel Aviv, Israel to Novosibirsk, Russia when it was shot down. The plane crashed into the black sea. 78 people on board died. The Ukrainian military initially claimed that it was not their fault but later admitted that it was them. They said that this is how soldiers are trained.",supports,"nei

The evidence mentions the Black Sea,",nei,False,supports,igbo,supports,nei,True,False,correct_to_wrong
afrifact_data_culture_hausa_163,hausa,Tsadar fitulu masu amfani da hasken rana ne yasa gwamnatoci ke barin titinan jiharsu a cikin duhu.,"Sanya fitulun titi masu amfani da hasken rana a babban birnin jihar ya kara inganta rayuwar mazauna jihar, tare da inganta tsaro da tsaro.",nei,nei,nei,True,hausa,The high cost of solar lights is why governments are leaving their state roads in the dark.,"The installation of solar powered street lights in the state capital has improved the lives of the residents of the state, as well as improved security and safety.",nei,refutes,refutes,False,nei,hausa,nei,refutes,True,False,correct_to_wrong
afrifact_data_culture_igbo_798,igbo,O nwere otu oge n'ala Igbo mgbe ndị mmadụ na-atụ ụjọ izu ihe mmadụ ibe ha maọbụ zọkọrọ oke abụghị nke ha.,"Mana, ọbụghịkwanụ sọsọ ugbua ka a malitere ikwu maka nchekwa. Mgbe elu ka bụ ala ọsa n'ala Igbo, ezi nchekwa obodo dị makana ndị mmadụ na-atụ ụjọ izu oshi, ịbanye be mmadụ n'ike maọbụ zọkọrọ oke na-abụghị nke ha. Nke a bụ makana ha ma na ihe ga-eso ya abụghị ihe eji ọnụ akọcha.",supports,supports,supports,True,igbo,There was a time in Igbo land when people were afraid to steal things from their fellow human beings or steal things that were not theirs.,"But, it was not until now that we started talking about security. When the land is still dry land in Igbo land, there is good national security but people are afraid of theft, entering the people by force or trespassing on borders that are not theirs. This is their makana and what will follow it is not something that is used in the mouth.",supports,refutes,refutes,False,supports,igbo,supports,refutes,True,False,correct_to_wrong
afrifact_data_culture_hausa_732,hausa,Hukumar zaɓe zata raba manyan rumfunan zaɓe gida biyu saboda samun saukin gudanar jefa kuri'u.,"Sai dai tanadin Hukumar zabe shi ne a duk lokacin da ta ga rumfar ta yi girman da ya kai a dan yayyanka ta yadda ranar zabe za a samu gudanar da zabubbuka a cikin sauki, za ta yi haka, Za ta kuma tura karin ma'aikata domin a samu damar gudanar da zabe a wannan rumfa, ba tare da an samu wani tawaya ko jinkiri ba.",supports,supports,supports,True,hausa,The Election Commission will divide the main polling stations into two parts for the convenience of voting.,"However, the provision of the Election Commission is whenever it sees that the booth is big enough so that on the election day the elections will be held easily, it will do so, and it will send more workers to be able to conduct elections in this booth, without any hindrance or delay.",supports,nei,nei,False,supports,hausa,supports,nei,True,False,correct_to_wrong
afrifact_data_culture_igbo_618,igbo,Gọọmentị chọrọ ka e lie Mugabe ebe a na-eli ndị dike obodo mana Ezinụlọ Mugabe ekwenghị n'ihi na Mugabe gwara ha mgbe ọ dị ndụ ka ha lie ya n'akụkụ ala ili nna ya Bona.,"Gọọmentị chọburu ka e lie Mugabe ebe a na-eli ndị dike obodo ji biri, mana ezinụlọ ya ekweghị. Ha kwuru na Mugabe chọrọ ka ili ya na nke nne ya bụ Bona dịkọta nso. Onweghị onye ọrụ gọọmentị gbalitere n'ọkwa bịara olili Mugabe. Nwunye ya bụ Grace nakwa ụmụ ya socha duru akpati ya ruo mgbe a dọnyere ya n'ala. ",supports,supports,supports,True,igbo,The government wanted Mugabe to be buried at the National Heroes' Cemetery but Mugabe's family did not agree because Mugabe told them when he was alive to bury him next to his father Bona's burial ground.,"The government had wanted Mugabe to be buried in the country's heroes' cemetery, but his family refused. They said that Mugabe wanted his grave and that of his mother Bona to be close together. No high-ranking official attended Mugabe's funeral. His wife Grace and his children carried his coffin until it was placed on the ground.",supports,nei,nei,False,supports,igbo,supports,nei,True,False,correct_to_wrong
afrifact_data_culture_igbo_541,igbo,Ọkaiwu Paul Achalla gwara ndị BBC Igbo na Nnamdị Kanụ dara Iwu Facebook ya mere e ji machie akantụ ya.,"Paul Achalla bụ ọkaiwu na mba ofesi ma bụrụkwa onye otu Ipob ekwuola atụmatụ ha ga-agbaso iji weghachi akara Facebook onyeisi ha bụ Nnamdi Kanu. Na mkparịtaụka ya na BBC Igbo, Achalla kọwara na o nwereike ịbụ maka otu ihe maọbụ nke ọzọ ka e ji wetuo akara facebook Nnamdi Kanu, mana Facebook kwesịrị inye ya ohere ka ọ zara ọnụ ya. ",refutes,refutes,refutes,True,igbo,Lawyer Paul Achalla told BBC Igbo that Nnamdi Kanû violated the Facebook Law and that is why his account was banned.,"Paul Achalla, a lawyer abroad and a member of Ipob, has stated the plan they will follow to restore the Facebook logo of their leader, Nnamdi Kanu. In his interview with BBC Igbo, Achalla explained that it may be for one reason or another that Nnamdi Kanu's Facebook account was taken down, but Facebook should give him a chance to respond.",refutes,nei,nei,False,refutes,igbo,refutes,nei,True,False,correct_to_wrong
afrifact_data_culture_igbo_036,igbo,"N'ime ụdị ihe abụọ e ji arụ ọja, nke na-aka anọte aka bụ nke osisi ","N'ime ụdị ihe abụọ a e ji arụ ya, nke osisi na-aka nọtee aka ruo ogologo oge. ",supports,supports,supports,True,igbo,"Of the two types of construction materials, the most common is wood","Of these two types of construction materials, the one made of wood has been used for a long time.",supports,nei,nei,False,supports,igbo,supports,nei,True,False,correct_to_wrong
afrifact_data_culture_igbo_086,igbo,Ji ahụrụ ahụ bụ ji e ji eme emume iri ji ọhụrụ.,Ọ bụ ya ka e ji eme emume iri ji ọhụrụ.,supports,supports,supports,True,igbo,Seeing the body is used to celebrate the New Year.,It is what is used to celebrate the New Year.,supports,refutes,refutes,False,supports,igbo,supports,refutes,True,False,correct_to_wrong
afrifact_data_culture_yoruba_096,yoruba,"Ìrẹsì aládùn kan tí à ń fi tòmátì, àlùbọ́sà àti àwọn amóúnjẹ-ta-sánsán sè ni jọ̀lọ́ọ̀fù jẹ́.","Oúnjẹ yìí jẹ́ àdàpọ̀ ìrẹsì, tòmátì, àlùbọ́sà, àwọn èròjà amóúnjẹ-ta-sánsán, ẹ̀fọ́ àti ẹran papọ́ sínú ìkòkò kàn, pẹ̀lú èròjà, àti pé orísirísi ònà ní àwọn èèyàn ń gbà ṣe oúnjẹ yìí níbikíbi. Ìtàn àti ìpìlẹ̀ṣẹ̀ [ | ] Wọ́n tọ orírun ìrẹsì àsèpọ̀ jọ̀lọ́ọ̀fù lọsí agbègbè Sẹ̀nẹ̀gáḿbíà lábẹ ìjọba Jọ̀lọ́ọ̀fù tàbí Wọ́lọ́ọ̀fù ní ọ̀rúndún kẹrìnlá, èyí tí Sẹ̀nẹ̀gà, Gáḿbíà àti Mọriténíà máa ń dáko ìrẹsì.",supports,supports,supports,True,yoruba,"Jalofuf is a delicious rice cooked with tomatoes, onions and herbs.","This dish is a mixture of rice, tomato, onion, vegetables, herbs and meat together in a pot, with ingredients, and people cook this dish in different ways everywhere. History and background [ | ] They brought a type of mixed rice similar to the Senegalese in the region of Senegal under the kingdom of Joloofu or Wolofu in the 14th century, which Senegal, Gambia and Mauritania used to exchange rice.",supports,nei,nei,False,supports,yoruba,supports,nei,True,False,correct_to_wrong
afrifact_data_culture_yoruba_624,yoruba,Ìpínlẹ̀ Òndó tí a tún mọ̀ sí Sunshine State jẹ́ ọ̀kàndínlógún ìpínlẹ̀ tí àwọn èèyàn pọ̀ jùlọ lórílẹ̀-èdè.,"Ondo state Tí orúkọ ìnagijẹ rẹ̀ njẹ́ ""Sunshine State"", Ondo jé ọ̀kàndìnlógún Ìpínlẹ̀ tí ó pọ̀ jùlọ ní orílẹ̀ èdè , tí ó sì jẹ́ ìpínlẹ̀ karùndínlọ́gbọ̀n tó fẹ̀ jùlọ gẹ́gẹ́ bí ìwọ̀n ilẹ̀ gbígbà.",supports,supports,supports,True,yoruba,"Ondo State, also known as the Sunshine State, is the 19th most populous state in the country.","Ondo state Nicknamed ""Sunshine State"", Ondo is the 11th largest state in the country and the 25th largest state in terms of land area.",supports,nei,nei,False,supports,yoruba,supports,nei,True,False,correct_to_wrong
afrifact_data_culture_igbo_554,igbo,"Odumeje, Rita Edochie na Ada Jesus nwere nsogbu. Rita Edochie mechara gbaghara Ada Jesus ebubo niile o boro ya.","Rita Edochie, Odumeje, Ada Jesus: 'Chukwu abọrọla m ọbọ n'isi nwada a' Onye na-eme ihe nkiri ama ama aha ya bụ Rita Edochie ekwuola na ọ gbagharala Ada Jesus bụ ọkpaọchị ama ama maka okwu ọjọọ o kwuru megide ya. O kwuru si na obi dị ya ụtọ na ụwa amarala na Ada Jesus tụgidere ya asị. ",supports,supports,supports,True,igbo,"Odumeje, Rita Edochie and Ada Jesus have problems. Rita Edochie later forgave Ada Jesus of all the accusations she made against him.","Rita Edochie, Odumeje, Ada Jesus: 'Chukwu I have taken revenge on this lady' A famous actress named Rita Edochie has said that she has forgiven Ada Jesus who is a famous actress for the bad words she said against her. He said that he was happy that the world knew that Ada Jesus hated him.",supports,nei,nei,False,supports,igbo,supports,nei,True,False,correct_to_wrong
afrifact_data_culture_yoruba_719,yoruba,"Nígbà ìbárà yìí,  àwọn láàárín Ìjẹ̀bú máa gbé oúnjẹ wá láti gba iyọ̀. ","Bàbá Kutere jẹ́ ní Ìpínlẹ̀ Èkó nígbà àwọn ọdún 1700s. Nígbà tí Kutere wà lórí oyè, ìbárà láàrin Èkó àti and Ijebu wọ́pọ̀ si, àwọn Ìjẹ̀bú gbé oúnjẹ wá láti gba iyọ̀, tobacco, spirits, àti àwọn ìkan míràn tí àwọn",supports,supports,supports,True,yoruba,"During this time, the people of Ijebu will bring food to get salt.","Kutere's father was in Lagos State during the 1700s. When Kutere was in power, the friendship between Lagos and Ijebu increased, the Ijebu people brought food to get salt, tobacco, spirits, and other things that they",supports,nei,nei,False,supports,yoruba,supports,nei,True,False,correct_to_wrong
afrifact_data_culture_hausa_239,hausa,An gina kasuwar kurmi a cikin gundumar Jakara.,"An kafa kasuwar Kurmi a cikin karni na goma sha biyar (15) a matsayin cibiyar kasuwanci da adana kayayyaki don cigaban kasuwanci a cikin birni, sakamakon fadada kasuwancin yanki da Sahara. An Kuma gina ta a cikin gundumar Jakara na cikin birni. ",supports,supports,supports,True,hausa,A forest market was built in Jakara district.,"The market of Kurmi was established in the fifteenth century (15) as a center of trade and storage of goods for the development of business in the city, as a result of the expansion of trade in the region and the Sahara. It was built in the Jakara district of the city.",supports,refutes,refutes,False,supports,hausa,supports,refutes,True,False,correct_to_wrong
afrifact_data_culture_yoruba_168,yoruba,"Agbábọ́ọ̀lù ọwọ́ ẹ̀yìn ni Táyé Taiwò, ó sì gbá bọ́ọ̀lù fún ikọ̀ orílẹ̀-èdè Nigeria."," International. Wọ́n ra Taiwo wá si ìpele Nigeria Premier League, sínú ẹgbẹ́ agbábọ́ọ̀lù Lobi Stars. Níbi tí ó tún ti lo ọdún kan . Olympique de Marseille [ | ] Ní ọdún 2005, nígbà tí ó pé ọmọ ogún ọdún, ẹgbẹ́ agbábọ́ọ̀lù ilẹ̀ Faranse kan ti o n je Olympique de Marseille gba Taiwo sinu iko won. Won ra Taiwo lati le ropo ogbeni Bixente Lizarazu ti o ti lo sinu egbe agbaboolu Bayern Munich. Taiwo lo gba boolu ti iko re Olympic Marseille fi jawe olubori",supports,supports,supports,True,yoruba,"Táyé Taiwò is a back-handed footballer, and he plays for the Nigerian national team.","International. They bought Taiwo to the Nigerian Premier League, into the Lobi Stars football team. Where he also spent a year. Olympique de Marseille [| ] In 2005, when he was 20 years old, a French football club called Olympique de Marseille took Taiwo into their possession. They bought Taiwo in order to replace Mr. Bixente Lizarazu who has gone to the Bayern Munich soccer team. Taiwo took the ball and Olympic Marseille became the winner",supports,nei,nei,False,supports,yoruba,supports,nei,True,False,correct_to_wrong
afrifact_data_culture_yoruba_756,yoruba,"Ní àwọn orílẹ̀-èdè kọ̀ọ̀kan tí wọ́n máa ń din ọ̀gẹ̀dẹ̀, wọ́n máa ń ya àwọn ọ̀gẹ̀dẹ̀ yìí sọ́tọ̀ sí èyí tó wà fún jíjẹ.","Ní àwọn orílẹ̀-èdè mìíràn, wọ́n máa ń dín ọ̀gẹ̀dẹ̀, wọ́n sì máa ń yà wọ́n sọ́tọ̀ sí èyí tó wà fún jíjẹ. Èso náà máa ń wà ní oríṣiríṣi ìwọ̀n, àwọ̀ àti ìrísí, àmọ́, ó máa ń gùn tó sì máa ń rí ṣọnṣọ, pẹ̀lú ara tó rọ̀.",supports,supports,supports,True,yoruba,"In each country where bananas are fried, these bananas are separated from those that are for eating.","In other countries, bananas are cut and separated into edible ones. The fruit comes in different sizes, colors and shapes, but it is long and beautiful, with a soft body.",supports,nei,nei,False,supports,yoruba,supports,nei,True,False,correct_to_wrong
afrifact_data_culture_yoruba_180,yoruba,"Nínú ìgbàgbọ́ àwọn Yorùbá, wọ́n nígbàgbọ́ pé Olókun ni ìyá Ajé","Àwọn Yorùbá gbà gbọ́ pé Olókun ní ó bí Aje, èyí tí ó jẹ́ Òrìsà fún Ọrọ̀, Ọlá, tí ó wà ní ìsàlẹ̀ òkun. Olókun jẹ́ òrìsà tí ó ń darí àwọn ohun tí ó wà lábé Omi òkun, Ó sí jẹ́ òrìsà tí ó lágbára jù gbogbo ohùn tí ó wà lábé Omi òkun tàbí àwọn òrìṣà kékéèèké tí ó wà lábé Omi òkun. Olókun jẹ́ Òrìsà nlá tí wọn máa ń gbórínyìn fún nípa bí ó ti lágbára láti fún àwọn olúsín rẹ ní Owó, Ọlá, Ọrọ̀, àti àṣeyọrí nígbà tí wọn bá kìí tán. ",supports,supports,supports,True,yoruba,"In the faith of the Yoruba people, they believe that Olokun is the mother of Ajé","The Yorubas believe that Olokun gave birth to Aje, which is the God of Wealth, Ola, who is at the bottom of the sea. Olokun is the god who controls the things under the sea, and he is the god who is stronger than all the voices under the sea or the small gods who are under the sea. Olokun is a great God who is praised for his ability to give his worshipers Money, Honor, Wealth, and success when they are not finished.",supports,refutes,refutes,False,supports,yoruba,supports,refutes,True,False,correct_to_wrong
afrifact_data_culture_hausa_583,hausa,A shekarar 2022 America ta fara ƙera motoci masu amfani da diesel.," watan Oktoba na shekara ta 2022, Kamfanin Amurka mai suna Ideanomics, wanda ke da ƙwarewa acikin motocin lantarki, ya bada umurni ga abin da yake da'awar shine mafi girman masana'antar taro don tarakta na lantarki a Arewacin Amurka.",nei,nei,nei,True,hausa,"In 2022, America will start manufacturing diesel cars.","In October 2022, Ideanomics, an American company specializing in electric vehicles, commissioned what it claims is the largest assembly plant for electric tractors in North America.",nei,refutes,refutes,False,nei,hausa,nei,refutes,True,False,correct_to_wrong
afrifact_data_culture_hausa_187,hausa,Dajin Yankari ya fara ne daga kudancin Kano kuma ya kare a arewacin Jigawa.,An bayyana Yankari a matsayin wani yanki na kudancin jihar Bauchi a lokacin inda namun daji masu yawa ke wanzuwa kuma ana iya kare su.,refutes,refutes,refutes,True,hausa,Yankari Forest starts from the south of Kano and ends at the north of Jigawa.,Yankari has been described as a part of southern Bauchi state at the time where many wild animals exist and can be protected.,refutes,nei,nei,False,refutes,hausa,refutes,nei,True,False,correct_to_wrong
afrifact_data_culture_hausa_144,hausa,"Kananan hukumomin Dambatta, makoɗa da Minjibir na samun ruwan sha daga Thomas dam.","Aikinsa na samar da ruwansha na Timas Danbatta ya tsaya, har sai a shekarar 2008 sannan aka karasa shi inda ake samar da ruwan sha ga kananan hukumomin Dambatta, Makoda da Minjibir.",supports,supports,supports,True,hausa,"The local governments of Dambatta, Makoda and Minjibir get drinking water from Thomas dam.","His work to provide drinking water for Timas Danbatta stopped, until in 2008 and it was completed where drinking water was provided for the local governments of Dambatta, Makoda and Minjibir.",supports,nei,nei,False,supports,hausa,supports,nei,True,False,correct_to_wrong
afrifact_data_culture_yoruba_358,yoruba,"Àjọ ìṣọ̀kan àgbáyé sì ti kéde pé tí gbogbo àwùjọ àgbáyé bá ń fún ọmọ lọ́yàn, èyí lè doola ẹ̀mí tó tó ẹgbẹ̀rún lọ́nà ẹgbẹ̀rin.","Ẹ mase feti si awọn apọnpo nipa ifọmọ lọyan, gbogbo igba naa kọ lo rọrun lati fun ọmọ lọyan Ajọ isọkan agbaye si ti kede pe ti gbogbo awujọ agbaye ba n fun ọmọ lọyan, eyi lee doola ẹmi to to ẹgbẹrun lọna ẹgbẹrin. Ọpọ iyalọmọ lo maa n gbaradi lasiko ti wọn loyun lati fun ọmọ wọn lọyan, sugbọn o se ni laanu pe ọpọ wọn ni ko ni oye to nipa bo se yẹ ki wọn fun ọmọ ni ọyan, ko si mu amuyo. Àwọn iròyin tì ẹ leè ní ìfẹ̀ síí: Fifun ọmọ lọyan: Ireti ati otitọ ohun to n sẹlẹ Ọpọ ọmọ ni ebi maa n pa, ti yoo si maa sunkun lasiko to ba n mu ọyan, iya rẹ yoo ro pe ko fẹ gba ọyan ni laimọ pe ọyan naa ko se omi sẹnu ọmọ ọhun. Igba tiru iyalọmọ bẹẹ ba si de ile iwosan, nitori ori ọyan rẹ to ti bẹ, ti wọn ba tẹ ọyan rẹ fun omi, ni ẹjẹ yoo maa jade dipo omi ọyan.",supports,supports,supports,True,yoruba,"The United Nations has announced that if the entire world community donates a child, this can save thousands of lives in eight hundred ways.","Don't listen to the myths about breastfeeding, it's not always easy to breastfeed and the World Organization has announced that if the entire world community breastfeeds, this could save thousands of lives. Many pregnant women are preparing to breastfeed their children, but unfortunately, many of them do not have enough knowledge about how to breastfeed their children, and do not take it seriously. Stories that make you love more: Breastfeeding: Hope and the truth of what is happening Many children are hungry, and will cry when breastfeeding, your mother will think that she does not want to breastfeed, not knowing that the breast does not put water in the baby's mouth. When such a miscarriage comes to the hospital, because your breasts are so large, if they press your breasts for water, blood will come out instead of breast milk.",supports,refutes,refutes,False,supports,yoruba,supports,refutes,True,False,correct_to_wrong
afrifact_data_culture_igbo_646,igbo,Dave Adenuba bụ kọmishọna ndị Abịa Steeti gwara ndị gọọmentị Enugwu ka ha na-akwụ ndị Enugwu ụgwọ ọnwa oge kwesịrị.,N'otu aka ahụ kọmishịọna mgbasaozi bụ Don Adenuba gwara BBC Igbo na o nweghi onye ọrụ bekee ọbụla e ji ụgwọ n'Anambra Steeti. Ọ sị na gọọmentị ha kwụrụ ụgwọ n'ụbọchị iri abụọ na isii nke ọnwa Eprelụ afọ 2020.,refutes,refutes,refutes,True,igbo,"Dave Adenuba, the State Commissioner for Immigration, told the Enugu government to pay the people of Enugu on time.","In the same way, the media commissioner, Don Adenuba, told BBC Igbo that he does not have any English worker in Anambra State. He said that their government paid the bill on the 26th day of April 2020.",refutes,nei,nei,False,refutes,igbo,refutes,nei,True,False,correct_to_wrong
afrifact_data_culture_igbo_035,igbo,"N'ime ụdị ihe abụọ e ji arụ ọja, nke na-anaghị anọte aka bụ nke osisi","N'ime ụdị ihe abụọ a e ji arụ ya, nke osisi na-aka nọtee aka ruo ogologo oge. ",refutes,refutes,refutes,True,igbo,"Of the two types of building materials, the non-durable is wood","Of these two types of construction materials, the one made of wood has been used for a long time.",refutes,nei,nei,False,refutes,igbo,refutes,nei,True,False,correct_to_wrong
afrifact_data_culture_igbo_658,igbo,Ndị agha U.S anwakpola ndị agha Naịjirịa. Gọọmentị Naịjirịa na-arịọ ka ndị amala Naịjirịa gbatara ha ọsọ enyemaka.,"Boko Haram na nwakpo ndị agha Naịjirịa Ihe nkiri a na-ekegharị na soshal midia na-egosi ihe yiri ndi agha Naịjirịa ka Boko Haram na-awakpo ha. Ihe a mere n'ọdọ ndị agha akpọrọ Metele dị na Borno. Agbanyeghị na ndị agha Naịjirịa ekwubeghị okwu maka mwakpo a, ndị omeiwu Naịjirịa ekwuola na ha ga nyocha etu o siri mee.",nei,nei,nei,True,igbo,The U.S. Army has attacked the Nigerian Army. The Nigerian government is asking the people of Nigeria to come to their aid.,"Boko Haram and the attack of the Nigerian army The video circulating on social media shows what appears to be the Nigerian army being attacked by Boko Haram. The incident happened at a military base called Metele in Borno. Although the Nigerian military has not commented on the attack, the Nigerian parliament has said that they will investigate how it happened.",nei,refutes,refutes,False,nei,igbo,nei,refutes,True,False,correct_to_wrong
afrifact_data_culture_yoruba_555,yoruba,Gaàrí funfun àti Gaàrí yẹ́lò jẹ́ oríṣi Gaàrí méjì tó wà ní ìwọ̀ oòrùn orílẹ̀-èdè Nàìjíríà.,"Ní ìwọ̀-oòrùn , oríṣi gaari méjì ni ó wà, àwọn náà ni gaàrí funfun yẹ́lò. Gaàrí yẹ́lò jẹ́ èyí tí wọ́n fi epo pupa sí nígbà tí wọ́n bá ń yan án. Orílẹ̀-èdè àti ni a ti le rí funfun àti yẹ́lò. Irúfẹ́ Gaàrí funfun kan ni wọ́n ń pè ní Gaàrí-Ìjẹ̀bú . Èyí tí wọ́n máa ń ṣe ní ilẹ̀ lọ́dọ̀ àwọn ará ní orílẹ̀-èdè .",supports,supports,supports,True,yoruba,White sugar and brown sugar are two types of sugar found in western Nigeria.,"In the west, there are two types of sugar, and they are white sugar. Gaari is the one to which red oil is added when they are baking it. Country and can be seen white and used. A type of white sugar is called Gaari-Ijebu. What they used to do in the land with the brothers in the country.",supports,nei,nei,False,supports,yoruba,supports,nei,True,False,correct_to_wrong
afrifact_data_culture_yoruba_765,yoruba,"Yàtọ́ sí oha tí jẹ́ orúkọ ọbẹ̀ náà, ó tún ní àwọn orúkọ oríṣi méjì tí wọ́n tún pe ọbẹ̀ náà. Àwọn ni, uha tabi ọbẹ̀ ora.","Àwọn orúkọ mìíràn tí wọ́n tún ń pe ọbẹ̀ náà ni uha àti ọbẹ̀ ora. Àwọn Oúnjẹ tí ẹ le fi jẹ Oha [ | ] Ọbẹ̀ oha/Uha dára jù lọ pẹ̀lú fùfú. Iyán, sẹ̀mó, ọlá àti ẹ̀bà gbogbo àwọn wọ̀nyí náà ni wọ́n dára pẹ̀lú ọbẹ̀ oha.",supports,supports,supports,True,yoruba,"Apart from oha which is the name of the soup, it also has two different names that are also called the soup. They are, uha or sobe ora.","Other names that they call the soup are uha and ora soup. Foods that you can eat Oha [ | ] Uha/Uha soup is best with fufu. Desire, semo, honor and fear all these are good with oha soup.",supports,nei,nei,False,supports,yoruba,supports,nei,True,False,correct_to_wrong
afrifact_data_culture_igbo_643,igbo,Dave Adenuba amaghị ma o nwere ndị gọọmentị Anambra ji ụgwọ.,N'otu aka ahụ kọmishịọna mgbasaozi bụ Don Adenuba gwara BBC Igbo na o nweghi onye ọrụ bekee ọbụla e ji ụgwọ n'Anambra Steeti. Ọ sị na gọọmentị ha kwụrụ ụgwọ n'ụbọchị iri abụọ na isii nke ọnwa Eprelụ afọ 2020.,refutes,refutes,refutes,True,igbo,Dave Adenuba does not know if he owes Anambra government.,"In the same way, the media commissioner, Don Adenuba, told BBC Igbo that he does not have any English worker in Anambra State. He said that their government paid the bill on the 26th day of April 2020.",refutes,nei,nei,False,refutes,igbo,refutes,nei,True,False,correct_to_wrong
afrifact_data_culture_yoruba_348,yoruba,"Ìjínigbé àti ìwà ọ̀daràn ń pọ̀ si ní ìpínlẹ̀ Oǹdó, pàápàá jùlọ ní ìlú Ọ̀wọ̀.","Ọ̀pọ̀lọ̀pọ̀ ìgbà ni ìjínigbé ti wáyé ní ojú ọ̀nà ìlú Ọ̀wọ̀ sí Ìkàrẹ́-Àkókó. Alukoro fun ileeṣẹ ọlọpa nipinlẹ Ondo, Fẹmi Joseph sọ fun akọroyin BBC Yoruba, pe eniyan mẹta ni awọn ti wọn ji gbe lootọ, ṣugbọn ''ileeṣẹ ọlọpaa ko ti i le sọ boya Fulani lo ji wọn gbe nitori pe a ko ti i ri wọn'' tako iroyin to jade pe awọn fulani daran-daran lo ji wọn gbe. Bakan naa lo sọ ijinigbe ati iwa ọdaran gbogbo kiiṣe ọrọ ẹya tabi ẹsin. Ile isẹ ọlọpaa n gbe Ọrẹkunrin Khadijat rẹlẹ ẹjọ ni Ọjọ Aje ""Ọwọ wa tẹ awọn afurasi ajinigbe mẹjọ ni bi ọsẹ meji sẹyin, ko si si ẹya Fulani kankan lara wọn. Awọn mẹjọ naa si ti wa ni ihamọ nitori ọrọ wọn ti de ile ẹjọ."" Gẹgẹ bi ohun ti Joseph sọ, ọkan lara awọn mẹta ti wọn ji gbe jẹ olukọ ni ileewe gbogbonise Rufus Giwa to wa ni ilu Ọwọ nipinlẹ Ondo. Ọna to lọ si ilu Ipele nitosi Ọwọ ni wọn ti ji olukọ naa gbe.",supports,supports,supports,True,yoruba,"Kidnapping and crime are increasing in Ondo state, especially in the town of Owo.","There have been several kidnappings on the road from Owo to Ikare-Akoko. The head of the police station in Ondo state, Femi Joseph, told the BBC Yoruba reporter, that three people were actually abducted, but ""the police station has not been able to say whether they were abducted by the Fulani because we have not seen them"". He also said that kidnapping and all crimes are not a matter of ethnicity or religion. Khadijat's boyfriend is being prosecuted by the police on Monday ""We arrested eight kidnap suspects about two weeks ago, and there was no Fulani tribe among them. The eight are in custody because their case has reached the court."" According to Joseph, one of the three abducted is a teacher at Rufus Giwa public school in Owo town in Ondo state. The teacher was kidnapped on the way to Ipele town near Owo.",supports,nei,nei,False,supports,yoruba,supports,nei,True,False,correct_to_wrong
afrifact_data_culture_igbo_158,igbo,"Ákàrà nsibiri dị puku, nke há mà dị 500 nke ha détùrù","nsibiri dị puku, nke há mà dị 500 nke hé détùrù. Hé zì",supports,supports,supports,True,igbo,"There are thousands of seals, of which there are 500 that they have left","There are thousands, of which there are only 500 left. He said",supports,nei,nei,False,supports,igbo,supports,nei,True,False,correct_to_wrong
afrifact_data_culture_yoruba_246,yoruba,Ìlú Àkókó jẹ́ ìlú kan tí ó kalẹ̀ sí agbègbè Àríwá àti Ìlà oòrùn ìpínlẹ̀ Oǹdó.," Ìkàrẹ́-Àkókó ni olú ilé ịṣẹ́ ìjọba ìbílẹ̀ wà. Ìlú náà sì tó iye ọgọ́rùn ún kìlọ́mítà (100 km) sí ìlú tí ó jẹ́ olú ìlú fún gbogbo lápapọ̀. Àkókó wà ní agbede-méjì àríwá àti ìlà oòrùn Ìpínlè Ondó.̀ Ohun tí wọ́n fi ń ṣọrọ̀ ajé ní ìlú Ìkàrẹ́ ni ǹkan ọ̀gbìn bíi: , , àti bẹ́ẹ̀ bẹ́ẹ̀ lọ. ",supports,supports,supports,True,yoruba,Ilu Akkoko is a city located in the North and East region of Ondo state.,"Ikare-Akoko is the head of the local government office. And the city is about a hundred kilometers (100 km) from the city that is the capital for all. Time is in the middle-both north and east of Ondo State. What they are doing business in Ikare town are agricultural things like: , , and so on.",supports,nei,nei,False,supports,yoruba,supports,nei,True,False,correct_to_wrong
afrifact_data_culture_igbo_562,igbo,Ndị Anambra East gwara ndị gọọmentị Steeti Anambra ka ha gbatara ha ọsọ enyemaka n'ihi na agụọ na mmiri adịghị ọcha na-achọ ikpochapụ ndụ ha.,Ndị mpaghara Anambra-East akwaala arịrị n'ihi enweghi ndị ọrụ ahụike n'ụlọọrụ ahụike ha dị icheiche ma rịọ ka e zitere ha ndị dọkịta ji otu afọ efe ala nna ha. Ha rịọrọ nke a site n'ọnụ onyeisioche ha bụ Orji Okafor n'emume ọpụpụ ndị ji otu afọ efe ala nna ha e zitere ebe ahụ.,nei,nei,nei,True,igbo,The people of Anambra East have called on the Anambra State government to come to their aid because the tigers and unsanitary water are threatening to wipe out their lives.,"The people of Anambra-East region have lamented the lack of medical staff in their various health facilities and requested that doctors be sent to them for a year to fly to their homeland. They requested this from their president, Orji Okafor, at the departure ceremony of those who spent a year flying to their homeland who were sent there.",nei,refutes,refutes,False,nei,igbo,nei,refutes,True,False,correct_to_wrong
afrifact_data_culture_yoruba_501,yoruba,"Sheik Muideen Ajani Bello ló wàásù níbí ìsìnkú Ajimobi, tí ó sì gbóríyìn fún Ajimobi gẹ́gẹ́ bí ẹni tí ó bẹ̀rù Ọlọ́run, tí ó sì rọ gbogbo ènìyàn láti ronúpìwàdà, bẹ́ẹ̀ sì ni ó gbàdúrà pé kí Ọlọ́run san án fun gẹ́gẹ́ bí iṣẹ́ ọwọ́ rẹ̀.","Bakan naa, Sheik Muideen Ajani Bello, tii se oniwaasi agbaye to se waasi nibi akanse eto adura naa ni ijoko adura naa ti to fun waasi nikan. Bello ni ""ọpọ awọn fọnran aworan ti Ajimobi ti sọrọ silẹ nigba aye rẹ fihan pe, oloogbe naa kii se eeyan lasan, wolii Ọlọrun ni. Gbogbo ohun ti kaluku wa ba n se ni ka yipada, abi, ta a ni sọ."" O wa gbadura pe ki Ọlọrun kẹ Ajimọbi, ko gẹ ẹ, ko si san gbogbo laada to yẹ ko duro jẹ fun ninu saare. ""Iya ni ọpọ eeyan ti ko yin Ajimobi loju aye rẹ, amọ ti wọn n yin lẹyin to ku tan yoo jẹ niwaju Ọlọrun, nitori igba to wa laye lo yẹ ki wsn sọ daada nipa rẹ.""",supports,supports,supports,True,yoruba,"Sheik Muideen Ajani Bello preached at Ajimobi's funeral, and praised Ajimobi as a God-fearing person, and urged everyone to repent, and prayed that God would reward him according to his handiwork.","Similarly, Sheik Muideen Ajani Bello, who is the world's leading preacher who preached at the prayer program project, has only given a sermon at the prayer seat. Bello said ""many pictures of Ajimobi who spoke during his life show that the deceased is not just a person, he is a prophet of God. Everything that each one of us is doing will change, or not, who will say."" He came and prayed that God would forgive Ajimobi, not punish him, and not pay all the compensation that he should not wait for in saare. ""Mother, there are many people who did not praise Ajimobi in his life, but those who praise him after his death will be before God, because while he is alive, they should speak well of him.""",supports,nei,nei,False,supports,yoruba,supports,nei,True,False,correct_to_wrong
afrifact_data_culture_yoruba_672,yoruba,Ìpínlẹ̀ Èkìtì tí ó wà ní apá ìwọ̀ oòrùn jẹ́ ìdásílẹ̀ pẹ̀lú àwọn ìpínlẹ̀ tuntun márùn-ún mìíràn.,"Ìpínlẹ̀ Èkìtì jẹ́ ní apá ìwọ̀ oòrùn tí ó jẹ́ dídásílẹ̀ ní ọjọ́ kìíní oṣù ọwàwà, pẹ̀lú àwọn ìpínlẹ̀ tuntun márùn-rún mìíràn látọwọ́ ọ̀gágun . Èkìtì ti jẹ́ ìpínlẹ̀ olómìnira kí àwọn òyìnbó tó dé.",supports,supports,supports,True,yoruba,The western state of Ekiti was created along with five other new states.,"Ekiti State is in the western part which was established on the first day of the month of Owawa, along with five hundred other new states by the general. Ekiti had been an independent state before the arrival of the Africans.",supports,refutes,refutes,False,supports,yoruba,supports,refutes,True,False,correct_to_wrong
afrifact_data_culture_yoruba_249,yoruba,Ilé ìwé Girama Badagry Grammar School ni wọ́n ti ṣe ayẹyẹ Àgbádá-rìgì tó kọjá.,"Àjọ̀dún tí wọ́n ṣe kẹ́yìn wáyé nínú ọgb̀a ilé ìwẹ́ girama ìlú náà ìyẹn (Badagry Grammar School), Badagry, , Nàìjíríà. Ìtàn òwò ẹrú nílu Àgbádá-rìgì [ | ] Orúkọ tí ìlú náà ń jẹ́ lónìí (Badagry) ni wọ́n fà yọ láti inú iṣẹ́ àwọn ènìyàn ìlú náà. Lára iṣẹ́ náà ni: iyọ̀ ṣíṣe, ẹja pípa, iṣẹ́ àgbẹ̀. Bákan náà, àwọn mìíràn gbà wípé ìlú náà ni wọ́n fi sọrí ẹnìkan tí ó ń jẹ́ Agbedeh, ẹni tị ó jẹ́ gbajú-gbajà àgbẹ̀ nílu náà tí orúkọ oko rẹ̀ ń jẹ́ Àgbádá-rìgì, tí àwọn Èèbó amúnisìn padà yí sí (Badagry).",supports,supports,supports,True,yoruba,Badagry Grammar School has been celebrating the last Aggada-rigi.,"The last celebration took place in the garden of the town's Grammar School (Badagry Grammar School), Badagry, , Nigeria. The story of the slave trade in Agbadá-rigì [ | ] The name of the city today (Badagry) was taken from the work of the people of the city. Among the jobs are: making salt, fishing, farming. Also, others believe that the town was named after a person named Agbedeh, who was a famous farmer in the town whose farm was called Agbada-rigi, which the colonialists changed to (Badagry).",supports,nei,nei,False,supports,yoruba,supports,nei,True,False,correct_to_wrong
afrifact_data_culture_igbo_096,igbo,"Osikapa bụ otu nri ga-abụ ihe kọgodu gị elu kọọ gị ala, i gote ya, ị ga-atụkwasịnwu ya ihe ọbụla were rie ya.","Osikapa bụ otu nri ọ na-abụ ego kọgodu gị elu kọọ gị ala, e nwee etu i si hụ obere ego jiri gote ya, ị ga-atụkwasịnwu ya ihe ọbụla were rie ya.",supports,supports,supports,True,igbo,"Rice is one food that will make you happy, you will eat it, you will add anything to it and eat it.","Rice is one of the foods that cost you money, no matter how much money you spend on it, you have to add anything to it and eat it.",supports,refutes,refutes,False,supports,igbo,supports,refutes,True,False,correct_to_wrong
afrifact_data_culture_igbo_224,igbo,Dr Tedros kwuru na ụfọdụ mba enweghị ndị ọrụ doro anya.,"O kwuru na ụfọdụ mba enweghị ndị ọrụ doro anya , ụfọdụ obodo enweghị ihe ọ ga-eri, ebe mba ụfọdụ enweghị mkpebi obi ime ihe kwesịrị.""",supports,supports,supports,True,igbo,Dr Tedros said that some countries do not have clear mandates.,"He said that some countries don't have clear workers, some countries don't have enough to eat, while some countries don't have the will to do the right thing.""",supports,nei,nei,False,supports,igbo,supports,nei,True,False,correct_to_wrong
afrifact_data_culture_yoruba_486,yoruba,"Elike Chibuzor ni orúkọ arákùnrin tí ọwọ́ àwọn ọlọ́pàá tẹ̀, tó ní òun lòun jí ọmọ tí wọ́n ń wa gbé.","ọwọ ileesẹ ọlọpa ipinlẹ Ondo tẹ ọkunrin kan to pe orukọ ara rẹ ni Elike Chibuzor, to ni oun loun ji Gold Kọlawọle gbe lọ. Nigba to n fi idi isẹlẹ yii mulẹ fun BBC Yoruba, agbẹnusọ fun ileesẹ ọlọpa nipinlẹ Ondo, Femi Joseph salaye pe, Chibuzor lo pe ileesẹ ọlọpa naa laarọ ọjọ Ẹti pe ọdọ oun ni Gold wa, ti wọn ba si fẹ gbaa pada, ki wọn san ẹgbẹrun lọna ẹgbẹrin naira (₦800,000) fun oun. Àwọn iròyin tì ẹ leè ní ìfẹ̀ síí: Afurasi naa, to ni ilu Akure ni oun ti n pe awọn ọlọpa ọhun, lo tun fi ye wọn pe, awọn eeyan kan lo ni ki oun parọ mọ Alfa Babatunde, ti ojisẹ Ọlọrun naa ko si mọ ohunkohun nipa bi ọmọde naa se sọnu ninu ile ijọsin Sotitobire.",supports,supports,supports,True,yoruba,"Elike Chibuzor is the name of the brother who was arrested by the police, who said he stole the child they were looking for.","The Ondo State Police arrested a man who identified himself as Elike Chibuzor, who allegedly stole Gold from Kolalazy. While confirming this incident to BBC Yoruba, the spokesperson for the police station in Ondo state, Femi Joseph explained that, Chibuzor called the police station on the morning of Eti and said that he is our Gold, and if they want to return him, they should pay him one thousand eight hundred naira (₦800,000). The news made you want more: The suspect, when he was in Akure town, he was calling the police, he also told them that some people told him to lie to Alfa Babatunde, and the messenger of God did not know anything about how the child disappeared in Sotitobire church.",supports,refutes,refutes,False,supports,yoruba,supports,refutes,True,False,correct_to_wrong
afrifact_data_culture_yoruba_084,yoruba,Baba Ginimbi àti ẹ̀gbọn rẹ̀ wà lára àwọn tí ó ṣorò níbi ìsìnkú rẹ̀.,"Baba Ginimbi ati ẹgbọn baba rẹ, Sekuru Ginimbi wa lara awọn to sọrọ nibi isinku rẹ. Ambuya to jẹ mama mama rẹ nitori mama rẹ gangan ti ku loṣu kinni ọdun to lọ, ati Amai to jẹ aburo mama rẹ naa sọrọ nini isinku rẹ. Ẹgbọn lobinrin, Tete naa wa nibẹ, Mwana, Munkuru, Mukwesha, Muroora lawọn eeyan mii to tun wa nibi isinku Kadungure.",supports,supports,supports,True,yoruba,Ginimbi's father and his brother were among those who attended his funeral.,"Ginimbi's father and his uncle, Sekuru Ginimbi were among those who spoke at his funeral. Ambuya who is his mother's mother because his mother actually died in January last year, and Amai who is his mother's uncle spoke about her funeral. The elder sister, Tete was there, Mwana, Munkuru, Mukwesha, Muroora and others who were also at the Kadungure burial.",supports,nei,nei,False,supports,yoruba,supports,nei,True,False,correct_to_wrong
afrifact_data_culture_yoruba_405,yoruba,"Àsìkò tí ìkọlù yìí wáyé láàárín àwọn akẹ́kọ̀ọ́ FUOYE àti ọlọ́pàá ni ìyàwò Gómìnà ìpínlẹ̀ Èkìtì rìn sí, àmọ́ ìròyìn fi lélẹ̀ pé ìjàm̀bá kankan kò ṣe é.","Àwọn akẹ́kọ̀ọ́ ń fẹ̀họ́nú hàn nítorí iná ọba tó ń ṣe ségesège Awọn Alakoso ile iwe giga fasiti ijọba apapọ to wa ni Oye-Ekiti, (FUOYE) ti bu ẹnu ẹ̀tẹ́ lu ifẹhọnu han awọn akẹkọọ Ile- Iwe naa. Paapaa awọn to da rogbodiyan silẹ ni agbeegbe naa ni eyi ti o da alaafia Oye ru lasiko ọhun. Awọn akẹkọọ naa n fẹhọnu han nitori ina ijọba to n ṣe segesege ni awọn yara ikẹkọọ gbogbo to wa ni fasiti naa. Agbẹnusọ Ile-iṣẹ ọlọpaa nipinlẹ Ekiti, Caleb Ikechukwu ni awọn akẹkọọ naa fi ina si oko wọn. Wọn si tun gba ibọn awọn ọlọpaa meji, amọ, awọn akẹkọọ fẹsun kan ọlọpaa pe wọn pa akẹkọọ lasiko ifẹhọnu han, sugbọn ọlọpaa ni ko si ohun to jọ ọ. Bakan naa ni iroyin ni wi pe Iyawo Gomina Ipinlẹ Ekiti, Bisi Fayemi rin si asiko rogbodiyan yii ni. Ìròyìn ní orí ló kó ìyàwó gómìnà ìpínlẹ̀ Ekiti yọ lẹ́yìn tí ìfẹ̀họ́nú àwọn akẹ́ẹ̀kọ́ dá rògbòdìyàn sílẹ̀. Asiko naa ni wọn si ṣe ikọlu si ọkọ rẹ, to jẹ wi pe ori lo ko o yọ ninu ikọlu naa lẹyin ti awọn ọlọpaa lo ‘iṣe commando’ lati mu u kuro nibi rogbodiyan naa.",supports,supports,supports,True,yoruba,"At the time of this attack between the students of FUOYE and the police, the governor of Ekiti state went to visit, but reports say that there was no accident.","Students are protesting because of the fire that is causing havoc. Even those who created conflict in the region are the ones who disturb the peace of Oye at the moment. The students are protesting because of the government fire that is causing havoc in all the study rooms in the university. Ekiti State Police Spokesperson, Caleb Ikechukwu said the students set fire to their farm. They also shot two police officers, but the students accused the police that they killed the students while they were kissing, but the police said there was nothing like it. It is also reported that the wife of the Governor of Ekiti State, Bisi Fayemi went to this time of conflict. It was reported that the wife of the governor of Ekiti state was fired after the students' protest created a conflict. At that time, they attacked her husband, it is said that he survived the attack after the police used 'commando action' to take him away from the conflict.",supports,nei,nei,False,supports,yoruba,supports,nei,True,False,correct_to_wrong
afrifact_data_culture_yoruba_233,yoruba,Àfọ̀njá kò rí àtìlẹyìn kankan gbà lọ́dọ̀ Hausa nígbà tí ó dìtẹ̀ lórí ìjọba.,"Ìlórin jẹ́ ìlú tí àwọn Yorùbá pílẹ̀ rẹ, ọ̀kan lára àwọn ẹ̀yà mẹ́ta tó pàtàkì jùlọ ní Nàìjíríà, níbi ọgọrùn lọnà méjìdínlógún sẹ́yìn (18th century). Ó di olú ìlú fún awọn ológun agbègbè tin bẹ̀ lábẹ́ Ìjọba Ọ̀yọ́ títí di ọdún 1817, nígbà tí Kàkànfò agbègbè náà, ẹni tí orúkọ rẹ̀ ń jẹ́ Afọ̀njá, dìtẹ lórí ìjọba, pẹ̀lú àtìlẹyìn lọ́dọ̀ Hausa kan tí orúkọ rẹ̀ ń jẹ́ Shehu Àlímì, wòlíì àti olùkọ́ ẹ̀sìn Ísílàámù.",refutes,refutes,refutes,True,yoruba,Afonja did not get any support from the Hausa when he conspired against the government.,"Ilorin is a city founded by the Yoruba, one of the three most important tribes in Nigeria, in the 18th century. It became the capital of the local military under the Oyo Kingdom until 1817, when the local chieftain, whose name was Abhinja, conspired against the government, with the support of a Hausa named Shehu Alimi, a prophet and teacher of Islam.",refutes,nei,nei,False,refutes,yoruba,refutes,nei,True,False,correct_to_wrong
afrifact_data_culture_igbo_806,igbo,Mazị Sam Ohuabunwa bụ ọkaibe n'ihe gbasara mkpata na mmefu akụ . Mazị Sam Ohuabunwa kwenyere na ndị Naịjirịa ji ụgwọ nwere ike ime ka ego Naịjirịa gharazi iwe isi nke na agaghịzi enwewu ike iji ya gotelie ihe na mba ụwa.,"Mazị Sam Ohuabunwa bụ onye ihe gbasara mkpata na mmefu akụ doro anya kwenyere na ya bụ egwu Atiku na-atụ. Ọ sị na n'ezie, ndị ebitere ego nwereike ịbịa were akụ na ụba Naịjirịa, mana na-enwere ụzọ ọzọ ha ga-esi gbata ụgwọ ego ha karịrị ịnwere akụ na ụba Naịjirịa. Ọ sị na ""ha nwereike ịme ka ego Naịjirịa tipie etipie nke bụ na-ọnweghịzị ihe ọ ga-egoteli na mba ụwa. Onweghịzịkwa ndị ga-atụkwasa Naịjirịa obi maka iresi ha ihe ma ha ejighị ego"".",supports,supports,supports,True,igbo,Mr. Sam Ohuabunwa is an expert in the field of finance and investment. Mr. Sam Ohuabunwa believes that Nigerians who are in debt can make Nigeria's money so weak that it will no longer be able to use it to get anything in the world.,"Mr. Sam Ohuabunwa, who is concerned with campaigning and spending, clearly believes that he is Atiku's fear. He said that of course, those who have borrowed money can come and take the wealth of Nigeria, but there are other ways for them to collect their money which is more than taking the wealth of Nigeria. He said that ""they can make Nigeria's money disappear, which means that it will no longer be worth anything to the international community. There will be no more people who will trust Nigeria for selling things to them if they don't use money"".",supports,nei,nei,False,supports,igbo,supports,nei,True,False,correct_to_wrong
afrifact_data_culture_igbo_102,igbo,Odogwu Afrịka chịrị Zimbabwe bido afọ 1980 ruo afọ 2017,Ya bu odogwu Afrịka chịrị Zimbabwe bido afọ 1980 ruo afọ 2017.,supports,supports,supports,True,igbo,African countries ruled Zimbabwe from 1980 to 2017,It is the African continent that ruled Zimbabwe from 1980 to 2017.,supports,refutes,refutes,False,supports,igbo,supports,refutes,True,False,correct_to_wrong
afrifact_data_culture_hausa_246,hausa,"Shinkafa tana da wadatar tushen kuzari mafi inganci, kuma tana da sinadarai, iron da furotin.","Shinkafa tana da wadatar (albarkatun) starch, akwai kabohsaidirat, tushen kuzari mafi inganci. Shinkafa kuma tana da sinadarai, iron da furotin. Wake kuma ya ƙunshi wasu adadi mai kyau na iron da adadin furotin fiye da na shinkafa. Tare suna bada cikakken furotin, wanda ke fitar da dukkan amino acid, Wanda jiki ba zai iya fitarwa da wannan sinadarin da kansa ba.",supports,supports,supports,True,hausa,"Rice is rich in the most effective sources of energy, and contains vitamins, iron and protein.","Rice is rich in starch, there is kabohsaidirat, the most effective source of energy. Rice also has nutrients, iron and protein. Beans also contain a good amount of iron and a higher amount of protein than rice. Together they provide a complete protein, which releases all the amino acids, which the body cannot release with this substance on its own.",supports,nei,nei,False,supports,hausa,supports,nei,True,False,correct_to_wrong
