id,language,claim,gold_evidence,gold_label,raw_response,predicted_label,correct
afrifact_data_culture_hausa_657,hausa,Shugaba Muhammadu Buhari ya kaddamar da eNaira a ranar 20 ga watan Yunin 2016.,"An samo sunan “Naira” daga kalmar “Nigeria” ta Obafemi Awolowo.Sai dai kuma, Naira a matsayin kudin da Shehu Shagari ya kaddamar a matsayin ministan kudi a shekarar 1973. Babban bankin Najeriya ya yi ikirarin cewa sun yi yunkurin shawo kan hauhawar farashin kayayyaki a duk shekara kasa da kashi 10%.",nei,refutes,refutes,False
afrifact_data_culture_igbo_058,igbo,Ngagharị iwe a bụ ụzọ e si edozi esemokwu.,Ọ bụ nnukwu nnupụisi mbụ ụmụ nwanyị mere na West Africa.,nei,supports,supports,False
afrifact_data_culture_igbo_749,igbo,Ihe isi ike anaghị emetụta ihe ndị e ji alụ ụm̀ụ nwaanyị Igbo. Ụmụ ntorobịa Igbo kwuru na ha zuru ka emee.,"Ndị ntorobia Igbo: Belatanụ Ihe eji alụ nwaanyị Ndị ntorobia Igbo akpola oku ka obodo dị n'Igbo wedata ihe ndị ọ na-eri iji lụọ nwaanyị n'ala igbo. Ndị ntorobịa kwuru a nke na mkparịtaụka BBC hiwere na Facebook ụbọchị Fraide rụtụ®ụaka na ihe isi ike, ihe ilụnwaanyị na-erị nakwa oke mgbuchi nne nna na Igbo na-egbuchi ụmụ ha ndị nwaanyị so 'ihe na akpata alụghhị di maọbụ nwaanyị n'oge.",refutes,supports,supports,False
afrifact_data_culture_igbo_384,igbo,"N'ịgbado ụkwụ n'oke ala nakwa ngwaahịa, Ahịa Main Market Ọnicha bụ otu n'ime ahịa kacha bu ibu n'ọdịda anyanwụ Afịrịka",Ahịa Ọnicha nke a makwaara dị ka Onitsha Main Market na bekee bụ otu n'ime ahịa kacha ibu na ọdịda anyanwụ Afrịka dabere na nha ala na oke ngwongwo ahịa a n'ere ebe ahụ.,supports,supports,supports,True
afrifact_data_culture_yoruba_723,yoruba,"Abíọ́lá ní ìfẹ́ sí ìṣèlú látìgbà tí ó wà ní ọmọ ọdún mọ́kàndínlógún, ó sì bẹ̀rẹ̀ sí í kópa ní ẹgbẹ́ òṣèlú látàrí ìfẹ́ tí ó ní sí i.rẹ̀ sí i.","Abíọ́́lá jẹ́ Olóòtú ìwé ìròyìn ọ̀sọ̀ọ̀sẹ̀ ilé-ìwé wọn tí ó ń jẹ́ tí sì jẹ́ igbákejì rẹ. Ó dára pọ̀ mọ́ ẹgbẹ́ ní ìgbà tí ó di ọmọ ọdún mọ́kàndínlógún nítorí ìfẹ́ tí ó ní sí ètò òṣèlú àwa arawa ó darapọ́ mọ́ ẹgbẹ́ òṣèlú jẹ́ olùdásílẹ̀ rẹ̀ Ní ọdún 1960, Moshood jẹ àǹfàníi ẹ̀kọ́ ọ̀fẹ́ ti ijọba láti lọ ka ìwé ní University ti Glasgow ní ìlú Scotland ni ibi tí ó ti gba oyè nínú ìmọ̀ ìṣirò.",supports,supports,supports,True
afrifact_data_culture_hausa_081,hausa,Rabiu Musa Kwankwaso ne ya naɗa Sunusi Lamido Sunusi sarautar Kano bayan mutuwar Ado Bayero.,"Ado Bayero ya kasance kafin ya zama sarkin kano shahararren ɗan kasuwa ne, kuma yayi aikin banki, tsohon ɗan sanda ne kuma Sannan yayi aiki a matsayin jakadan [Nijeriya]",nei,refutes,refutes,False
afrifact_data_culture_igbo_141,igbo,Akwa mmiri ahụ adaala.,"Dịka ọ dị ugbua, amabeghi ihe ha kpatara na nzukọ a.",nei,refutes,refutes,False
afrifact_data_culture_hausa_389,hausa,"Ango a al'adar Hausawa yana da alhakin siyan kayan lefe kafin aure, sannan kayan ana kai su gidan amarya ta hannun mata.","Al'adar Hausawa ce inda ango ke siyan kayan amfani masu kyau da tsada a matsayin wata babbar kyauta da zai bawa amaryarsa. Wadannan kyaututtukan ango na gama sayen sune kafin Auren shi, bayan sun gama kammaluwa, sai iyayen Ango kama daga Inna, Gwaggonninsa da sauran su, mata ne suke kai kayan gidan Amarya, Ita kuma Amarya sai iyayen ta mata su karba kayan su dan ba iyayen Ango abinci da dan tukuici. ",supports,supports,supports,True
afrifact_data_culture_igbo_241,igbo,Ụfọdụ ụlọakwụkwọ dị na Beijing na Shanghai emepebeghị dịka ụmụakwụkwọ agaghị akwụkwọ taa,Ụfọdụ ụlọakwụkwọ dị na Beijing na Shanghai emepekwaala dịka ụmụakwụkwọ malitere ịga akwụkwọ taa.,refutes,supports,supports,False
afrifact_data_culture_igbo_424,igbo,O bụ ịkọ ọrụ ugbo so na ọrụ ndị mba Brazil dabere na ya isi na-abawanye ọnọdụ akụ na ụba ha ruo ugbu a.,"Mbaise bụ mpaghara dị na Imo Steeti na ndịda ọwụwa anyanwụ . N'etiti , mpaghara ahụ gụnyere ọtụtụ obodo na obodo ukwu. Ndị bi na ya bụ ndị agbụrụ, ndị jikọtara site na alụmdi na nwunye. Mbaise bụ mpaghara kacha nwee ọnụ ọgụgụ mmadụ n'Ebe Ọdịda Anyanwụ Afrịka; ọnụ ọgụgụ ndị bi na ya n'afọ 2006 bụ puku narị isii na iri nà otu, narị abụọ na anọ.",nei,supports,supports,False
afrifact_data_culture_hausa_004,hausa,Muhammadu Buhari ya zama shugan kasa na mulkin soja yana matsayin kanal.,"Muhammadu Buhari (17 Disamba 1942 – 13 Yuli 2025) ne wanda ya yi mulkin ƙasar a matsayin daga 2015 zuwa 2023. Soja ne mai matsayi na majo janar a , kuma ya shugabanci ƙasar a matsayin daga 31 Disamba 1983 zuwa 27 Agusta 1985. Buhari ya tsaya takarar shugaban ƙasa a Najeriya a ƙarƙashin jam’iyyar a zaɓen shugaban ƙasa na 2003 da na 2007, sannan kuma a ƙarƙashin jam’iyyar Congress for Progressive Change (CPC) a zaɓen shugaban ƙasa na 2011",refutes,refutes,refutes,True
afrifact_data_culture_igbo_383,igbo,"N'ịgbado ụkwụ n'oke ala nakwa ngwaahịa, Ahịa Main Market Ọnicha akaghị ahịa Arịarịa nke Aba bu ibu",Ahịa Ọnicha nke a makwaara dị ka Onitsha Main Market na bekee bụ otu n'ime ahịa kacha ibu na ọdịda anyanwụ Afrịka dabere na nha ala na oke ngwongwo ahịa a n'ere ebe ahụ.,refutes,supports,supports,False
afrifact_data_culture_yoruba_562,yoruba,"Ní orílẹ̀-èdè Nàìjíríà, ètò ìkànìyàn bẹ̀rẹ̀ Ní ọdún 1852 láti ṣe àkọsílẹ̀ iye èèyàn tó wà lórílẹ̀-èdè náà.","Gẹ́gẹ́bí àkọsílẹ̀ ètò ìkànìyàn ọdún 2006, àpapọ̀ iye enìyàn tó wà ní Àgbádárìgì jẹ́ 241,093.",nei,refutes,refutes,False
afrifact_data_culture_igbo_173,igbo,Otu onye bi n'Anambra kwuru na ọ ruola afọ iri mmiri gbadebere na mpaghara ya.,Otu onye bi Enugwu sị na o ruola afọ iri mmiri gbadebere na mpaghara ya bi n'Enugwu.,refutes,supports,supports,False
afrifact_data_culture_hausa_058,hausa,Usman Dan Fodiyo ɗan asalin kabilar Hausawa ne.,Shehu Usman Ɗan Fodiyo yayi yaki a tsakanin shekarar alif dubu ɗaya da ɗari takwas da huɗu (1804) har zuwa alif dubu ɗaya da ɗari takwas da sha biyu (1812) ya fito ne daga ƙabilar Toronkawa na fulani. ya kasance daga zuriyar ɗaya daga cikin dangin (Toronkawa) na ƙabilar dake zaune a cikin tun daga farkon shekara ta alif dubu ɗaya da ɗari hudu (1400),refutes,supports,supports,False
afrifact_data_culture_igbo_301,igbo,Naanị ikuku na ọhịa bụ ihe dị ka ọrụ ugbo mkpa iji wee ịga nke ọma,"Ọrụ ugbo chọrọ mmiri, aja di mma na ala di larịị.",refutes,supports,supports,False
afrifact_data_culture_igbo_735,igbo,"Nnamdị Kanu bụ omeiwu. Ụgbụa, a kpọgara ya ụlọ nga dị na Sokoto.",N'ofesi Otu onye oji egbe agbagbuola ihe ruru mmadụ isii n'otu ụlọọgwụ dị na mba Czech Republic ma gbagbuo onwe ya n'akụkọ ebe ahụ. Ndị uweojii hụrụ ozu nwoke a dịka ọ tọgbọ site n'ọnya egbe ọ gbara onwe ya n'isi.,nei,refutes,refutes,False
afrifact_data_culture_hausa_250,hausa,Masanin tarihin abinci da aikin gona James C. McCann ya ba da shawarar daina yaɗa shinkafa.,"Masanin tarihin abinci da aikin gona James C. McCann yayi la'akari da wannan ikirarin mai yiwuwa idan aka yi la’akari da shaharar shinkafa a cikin kwarin Niger ta sama, amma yana ganin ba zai yuwu tasa ta iya yaɗuwa daga Senegal zuwa inda take yanzu tunda ba a ganin irin wannan yaɗuwar a cikin “harshe, tsarin siyasa ko tarihi "". Maimakon haka ya ba da shawarar cewa tasa ta yaɗu tare da masarautar Mali, musamman masu sana'ar Djula waɗanda suka bazu ko'ina zuwa cibiyoyin kasuwanci da biranen yanki, tare da ɗaukar fasahar tattalin arziƙin ""ƙera, ƙaramin sikelin, da agronomy shinkafa"" gami da addini. na Musulunci.",refutes,supports,supports,False
afrifact_data_culture_hausa_827,hausa,Yan majalisar sun ce su wakilan jama'a ne don haka suna da ikon yin ƙarin ayyuka a cikin kasafin.,"Game da ayyukan da aka ce 'yan majalisar sun kara, ya ce su ma wakilai ne ""na jama'a kuma suna da damar sanya ayyukan da za su yi tasiri a rayuwar talaka,"" kamar yadda wata sanarwa da ya aike wa manema labarai ta ce.",supports,supports,supports,True
afrifact_data_culture_yoruba_701,yoruba,"Nígbà tí Buhari jẹ́ ààrẹ, ó lo sáà méjì àti àbọ̀ kí ó tó kúrò ní ipò.","Muhammadu Buhari (tí wọ́n bí ní Ọjọ́ ketàdínlógún, Oṣù Kejìlá Odún 1942 o si ku ni Oṣu Keje ọjọ 13, Ọdun 2025) olóṣèlú tí ó jẹ́ Ààrẹ orílè-èdè láàrin ọdún 2015 sí ọdún 2023. Ó lo ṣáà àkọ́kọ́ rẹ̀ láàrin odún 2015 sí 2019 àti kejì láàrin ọdún 2019 sí 2023 .",refutes,supports,supports,False
